,minimum,maximum
rxn03253,0.0,13.71837
rxn02720,0.0,13.71837
rxn00946,0.0,41.15511
rxn02679,0.0,3.027075
rxn02803,0.0,13.71837
rxn03251,0.0,3.027075
rxn00872,0.0,2.867755
rxn01451,0.0,1000.0
rxn01451_REV,0.0,1000.0
rxn03242,0.0,1000.0
rxn03242_REV,0.0,1000.0
rxn03239,0.0,1000.0
rxn03239_REV,0.0,1000.0
rxn06777,0.0,1000.0
rxn06777_REV,0.0,1000.0
rxn03244,0.0,1000.0
rxn03244_REV,0.0,1000.0
rxn03249,0.0,1000.0
rxn03249_REV,0.0,1000.0
rxn03246,0.0,1000.0
rxn03246_REV,0.0,1000.0
rxn02122,0.0,1000.0
rxn02122_REV,0.0,1000.0
rxn01387,0.0,1000.0
rxn01387_REV,0.0,1000.0
rxn00616,0.0,1000.0
rxn00616_REV,0.0,1000.0
rxn00501,0.0,1000.0
rxn00501_REV,0.0,1000.0
rxn10125,0.0,1000.0
rxn10125_REV,0.0,1000.0
rxn01851,0.0,11.755036
rxn13812,0.0,-0.0
rxn01297,0.0,1000.0
rxn01297_REV,0.0,1000.0
rxn01522,0.0,-0.0
rxn00288,0.0,13.937692
rxn10126,0.0,39.636355
rJB00270,0.0,39.636355
rxn06493,0.0,1000.0
rxn06493_REV,0.0,1000.0
rxn13808,0.0,1000.0
rxn13808_REV,0.0,1000.0
rxn00623,0.0,999.874171
rxn00623_REV,0.125829,1000.0
rxn00506,0.0,27.972764
rxn00779,0.0,1000.0
rxn13726,0.0,39.636355
rJB00264,0.0,39.636355
rxn10122,0.0,0.0
rxn00604,0.0,1000.0
rxn00604_REV,0.0,1000.0
rJB00276,0.0,1000.0
rJB00276_REV,0.0,1000.0
rxn00671,0.0,1000.0
rxn00671_REV,0.0,1000.0
rxn01115,0.0,0.0
rxn00338,0.0,0.0
rxn00248,0.0,1000.0
rxn00248_REV,0.0,1000.0
rxn05353,0.0,3.658703
rxn05356,0.0,14.297087
rxn05355,0.0,14.244177
rxn05354,0.0,41.332889
rxn05357,0.0,3.658703
rxn05352,0.0,3.658703
rxn05351,0.0,14.191266
rxn05338,0.0,999.368373
rxn05338_REV,0.631627,1000.0
rxn00611,0.0,41.15511
rxn00612,0.0,41.15511
rxn05436,0.0,0.0
rxn05448,0.0,0.0
rxn05442,0.0,0.0
rxn05437,0.0,0.0
rxn05449,0.0,0.0
rxn05443,0.0,0.0
rxn05438,0.0,0.0
rxn05450,0.0,0.0
rxn05444,0.0,0.0
rxn05433,0.0,0.0
rxn05445,0.0,0.0
rxn05439,0.0,0.0
rxn05446,0.0,0.0
rxn05434,0.0,0.0
rxn05440,0.0,0.0
rxn05435,0.0,0.0
rxn05447,0.0,0.0
rxn05441,0.0,0.0
rxn05322,0.0,3.658703
rxn05327,0.0,14.297087
rxn05324,0.0,14.244177
rxn13838,0.0,0.177779
rxn05328,0.0,41.332889
rxn05326,0.0,3.658703
rxn13850,0.0,14.191266
rxn08396,0.0,0.015565
rxn05325,0.0,3.658703
rxn05323,0.0,14.191266
rxn05464,0.0,0.015565
rxn02866,0.0,3.205138
rxn05339,0.0,999.368373
rxn05339_REV,0.631627,1000.0
rxn05337,0.0,999.368373
rxn05337_REV,0.631627,1000.0
rxn13844,0.0,1000.0
rxn13844_REV,0.0,1000.0
rxn05341,0.0,999.368373
rxn05341_REV,0.631627,1000.0
rxn05336,0.0,999.527104
rxn05336_REV,0.472896,1000.0
rxn05372,0.0,1000.0
rxn05372_REV,0.0,1000.0
rxn05422,0.0,1000.0
rxn05422_REV,0.0,1000.0
rxn05397,0.0,1000.0
rxn05397_REV,0.0,1000.0
rxn05376,0.0,1000.0
rxn05376_REV,0.0,1000.0
rxn05426,0.0,1000.0
rxn05426_REV,0.0,1000.0
rxn05401,0.0,1000.0
rxn05401_REV,0.0,1000.0
rxn05380,0.0,1000.0
rxn05380_REV,0.0,1000.0
rxn05430,0.0,1000.0
rxn05430_REV,0.0,1000.0
rxn05405,0.0,1000.0
rxn05405_REV,0.0,1000.0
rxn05461,0.0,1000.0
rxn05461_REV,0.0,1000.0
rxn07993,0.223463,1000.0
rxn07993_REV,0.0,999.776537
rxn05340,0.0,999.421283
rxn05340_REV,0.578717,1000.0
rxn05342,0.0,999.527104
rxn05342_REV,0.472896,1000.0
rxn05360,0.0,1000.0
rxn05360_REV,0.0,1000.0
rxn05410,0.0,1000.0
rxn05410_REV,0.0,1000.0
rxn05385,0.0,1000.0
rxn05385_REV,0.0,1000.0
rxn05414,0.0,1000.0
rxn05414_REV,0.0,1000.0
rxn05364,0.0,1000.0
rxn05364_REV,0.0,1000.0
rxn05389,0.0,1000.0
rxn05389_REV,0.0,1000.0
rxn05368,0.0,1000.0
rxn05368_REV,0.0,1000.0
rxn05418,0.0,1000.0
rxn05418_REV,0.0,1000.0
rxn05393,0.0,1000.0
rxn05393_REV,0.0,1000.0
rxn00083,0.0,1000.0
rxn00083_REV,0.0,1000.0
rxn11245,0.481704,3.686842
rxn00160,0.0,0.0
rxn00781,0.0,1000.0
rxn00781_REV,0.0,1000.0
rxn00199,0.0,1000.0
rxn00199_REV,0.0,1000.0
rxn08398,0.223463,0.223463
rxn03532,0.0,1000.0
rxn03532_REV,0.0,1000.0
rxn13839,0.0,1000.0
rxn13839_REV,0.0,1000.0
rxn13790,0.0,41.15511
rxn03897,0.0,0.0
rxn05289,0.224079,1000.0
rxn05289_REV,0.0,999.775921
rxn02842,0.0,1000.0
rxn02842_REV,0.0,1000.0
rxn13909,0.0,1000.0
rxn13909_REV,0.0,1000.0
rxn01643,0.576142,28.548906
rJB00277,0.0,1000.0
rJB00277_REV,0.0,1000.0
rxn00211,0.0,1000.0
rxn00211_REV,0.0,1000.0
rxn01480,0.0,1000.0
rxn01480_REV,0.0,1000.0
rxn01053,0.0,1000.0
rxn01053_REV,0.0,1000.0
rxn01867,0.0,0.0
rxn01945,0.0,0.0
rJB00104,0.0,0.0
rPY00220,0.0,1000.0
rPY00220_REV,0.0,1000.0
rxn08975,0.0,39.636355
rJB00263,0.0,39.636355
rxn00371,0.0,1000.0
rxn00371_REV,0.0,1000.0
rxn08094,0.0,11.755036
rxn00154,0.0,12.734913
rxn00085,0.0,1000.0
rxn00085_REV,0.0,1000.0
rxn00159,0.0,0.0
rxn00161,0.0,1000.0
rxn00161_REV,0.0,1000.0
rxn10062,0.0,1000.0
rxn10062_REV,0.0,1000.0
rxn13898,0.0,1000.0
rxn13898_REV,0.0,1000.0
rxn01740,0.0,999.706618
rxn01740_REV,0.293382,1000.0
rxn00962,0.0,4.57279
rAB00001,0.000104,1000.0
rAB00001_REV,0.0,999.999896
rxn00509,0.0,11.755036
rxn01101,0.0,1000.0
rxn01101_REV,0.0,1000.0
rxn00686,0.0,999.983194
rxn00686_REV,0.016806,1000.0
rxn00931,0.0,1000.0
rxn00931_REV,0.0,1000.0
rxn04954,0.0,999.912752
rxn04954_REV,0.087248,1000.0
rxn01802,0.0,1000.0
rxn01802_REV,0.0,1000.0
rxn01331,0.0,-0.0
rxn03951,0.0,1000.0
rxn03951_REV,0.0,1000.0
rxn02465,0.0,998.917973
rxn00183,0.0,998.917973
rxn13895,0.0,999.803403
rxn13895_REV,0.196597,1000.0
rxn01452,0.0,1000.0
rxn01452_REV,0.0,1000.0
rxn02270,0.0,0.0
rxn00508,0.0,11.755036
rxn00500,0.0,1000.0
rxn00500_REV,0.0,1000.0
rxn02939,0.0,1000.0
rxn02939_REV,0.0,1000.0
rxn13682,0.0,0.0
rxn01241,0.0,1000.0
rxn01241_REV,0.0,1000.0
rxn02933,0.0,1000.0
rxn02933_REV,0.0,1000.0
rxn00907,0.452704,1000.0
rxn00907_REV,0.0,999.547296
rxn00992,0.0,1000.0
rxn00992_REV,0.0,1000.0
rxn00086,0.0,1000.0
rxn00086_REV,0.0,1000.0
rxn01475,0.0,1000.0
rxn13834,0.0,0.0
rxn00629,0.0,1000.0
rxn00629_REV,0.0,1000.0
rxn00546,0.0,1000.0
rxn00546_REV,0.0,1000.0
rPY00216,0.0,0.0
rxn13925,0.0,1000.0
rxn13925_REV,0.0,1000.0
rxn02774,0.0,1000.0
rxn02774_REV,0.0,1000.0
rxn00198,0.0,0.0
rxn03492,0.0,1000.0
rxn03492_REV,0.0,1000.0
rxn02285,0.0,999.944684
rxn02285_REV,0.055316,1000.0
rxn00077,0.0,1000.0
rxn00077_REV,0.0,1000.0
rxn01268,0.098135,2.347891
rxn13705,0.0,1000.0
rxn13705_REV,0.0,1000.0
rxn09896,0.0,999.838603
rxn09896_REV,0.161397,1000.0
rxn01045,0.0,1000.0
rxn01045_REV,0.0,1000.0
rxn00935,0.0,41.15511
rxn00638,0.0,1000.0
rxn00638_REV,0.0,1000.0
rxn00763,0.0,1000.0
rxn00763_REV,0.0,1000.0
rxn03958,0.0,999.999067
rxn03958_REV,0.000933,1000.0
rxn13906,0.0,1000.0
rxn13906_REV,0.0,1000.0
rxn01302,0.0,999.590103
rxn01302_REV,0.409897,1000.0
rxn00834,0.238328,1000.0
rxn00834_REV,0.0,999.761672
rxn05293,0.000933,0.000933
rJB00279,0.0,1000.0
rJB00279_REV,0.0,1000.0
rxn00105,0.0,1000.0
rxn00105_REV,0.0,1000.0
rxn02373,1.082027,1000.0
rxn02474,0.0,1000.0
rxn02474_REV,0.0,1000.0
rxn03055,0.0,0.0
rxn09953,0.0,1000.0
rxn09953_REV,0.0,1000.0
rxn02112,0.0,1000.0
rxn02112_REV,0.0,1000.0
rxn02632,0.0,1000.0
rxn02632_REV,0.0,1000.0
rxn01686,0.0,1000.0
rxn01686_REV,0.0,1000.0
rxn13787,0.0,1000.0
rxn13787_REV,0.0,1000.0
rxn13896,0.0,1000.0
rxn13896_REV,0.0,1000.0
rxn01790,0.0,1000.0
rxn01790_REV,0.0,1000.0
rxn00859,0.083919,1000.0
rxn00859_REV,0.0,999.916081
rxn08352,0.000104,0.000104
rxn08756,0.000829,0.000829
rxn00122,0.0,-0.0
rxn00184,0.0,1000.0
rxn00184_REV,0.0,1000.0
rxn01011,0.0,1000.0
rxn01011_REV,0.0,1000.0
rxn06591,0.000829,1000.0
rxn06591_REV,0.0,999.999171
rxn02186,0.749085,1000.0
rxn02186_REV,0.0,999.250915
rxn08764,0.161397,1000.0
rxn08764_REV,0.0,999.838603
rxn02929,0.0,999.833755
rxn02929_REV,0.166245,1000.0
rxn00190,0.0,0.0
rxn00138,0.0,0.0
rxn08977,0.0,39.636355
rJB00265,0.0,39.636355
rxn02003,0.0,1000.0
rxn02003_REV,0.0,1000.0
rxn08291,0.0,41.15511
rxn13795,0.0,1000.0
rxn13795_REV,0.0,1000.0
rxn13788,0.0,1000.0
rxn13788_REV,0.0,1000.0
rxn00429,0.0,0.0
rxn02440,0.0,1000.0
rxn02440_REV,0.0,1000.0
rxn00868,0.0,3.027075
rxn01729,0.0,0.0
rxn05570,0.0,0.0
rxn05159,0.0,1000.0
rxn05180,0.0,1000.0
rxn10073,0.0,0.0
rxn08087,0.033599,0.033599
rxn08086,0.0,0.078879
rxn08089,0.107314,0.107314
rxn08088,0.0,0.003366
rxn08085,0.0,0.0
rxn08083,0.0,0.0
rxn08084,0.0,0.0
rxn10215,0.0,0.0
rxn10218,0.0,0.0
rxn10214,0.0,0.0
rxn10219,0.0,0.0
rxn10217,0.0,0.0
rxn10216,0.0,0.0
rxn10212,0.0,0.0
rxn10211,0.0,0.078879
rxn10213,0.0,0.003366
rxn05175,0.0,0.0
rxn03243,0.0,1000.0
rxn03243_REV,-0.0,1000.0
rxn03248,0.0,1000.0
rxn03248_REV,0.0,1000.0
rxn06510,0.0,1000.0
rxn06510_REV,-0.0,1000.0
rxn02804,0.0,1000.0
rxn02804_REV,0.0,1000.0
rxn02680,0.0,1000.0
rxn02680_REV,0.0,1000.0
rxn05619,0.0,0.0
rxn05163,0.0,0.0
rxn10158,0.0,1000.0
rxn10158_REV,0.0,1000.0
rxn05603,0.0,1000.0
rxn05603_REV,0.0,1000.0
rxn05154,0.0,0.0
rxn00727,0.057576,0.057576
rxn05161,0.0,1000.0
rxn05168,0.0,1000.0
rxn05155,0.0,0.0
rxn05201,0.0,1000.0
rxn05201_REV,0.0,1000.0
rxn02831,0.0,0.0
rxn13885,0.0,1000.0
rxn13885_REV,0.0,1000.0
rxn05512,0.0,0.0
rxn08669,0.0,0.0
rxn05156,0.0,0.0
rxn05164,0.0,1000.0
rxn13828,0.0,0.0
rxn13829,0.0,0.0
rxn05247,0.0,0.0
rxn05248,0.0,0.0
rxn05249,0.0,0.0
rxn05250,0.0,0.0
rxn05251,0.0,0.0
rxn05252,0.0,0.0
rxn09450,0.0,0.0
rxn09449,0.0,0.0
rxn09448,0.0,0.0
rxn05736,0.0,0.0
rxn00947,0.0,0.0
rxn13892,0.0,0.0
rxn08002,0.223463,0.223463
rxn05349,0.0,1000.0
rxn05349_REV,0.0,1000.0
rxn00187,0.0,1000.0
rxn05331,0.525807,1000.0
rxn05331_REV,0.0,999.474193
rxn05333,0.578717,1000.0
rxn05333_REV,0.0,999.421283
rxn10221,0.0,1000.0
rxn10221_REV,0.0,1000.0
rxn10224,0.0,1000.0
rxn10224_REV,0.0,1000.0
rxn08306,0.0,1000.0
rxn08306_REV,0.0,1000.0
rxn08307,0.0,1000.0
rxn08307_REV,0.0,1000.0
rxn08308,0.0,1000.0
rxn08308_REV,0.0,1000.0
rxn08310,0.033599,1000.0
rxn08310_REV,0.0,999.966401
rxn08311,0.003366,1000.0
rxn08311_REV,0.0,999.996634
rxn08312,0.107314,1000.0
rxn08312_REV,0.0,999.892686
rxn10220,0.0,1000.0
rxn10220_REV,0.0,1000.0
rxn10225,0.0,1000.0
rxn10225_REV,0.0,1000.0
rxn10223,0.0,1000.0
rxn10223_REV,0.0,1000.0
rxn10222,0.0,1000.0
rxn10222_REV,0.0,1000.0
rxn10481,0.0,1000.0
rxn10344,0.0,0.0
rxn10343,0.0,0.0
rxn01629,0.0,999.999171
rxn01629_REV,0.000829,1000.0
rxn00986,0.0,0.0
rxn00675,0.0,1000.0
rxn00675_REV,0.0,1000.0
rxn05206,0.0,1000.0
rxn05206_REV,0.0,1000.0
rxn02911,0.0,1000.0
rxn02911_REV,0.0,1000.0
rxn03240,0.0,1000.0
rxn03240_REV,0.0,1000.0
rxn03241,0.0,1000.0
rxn03241_REV,0.0,1000.0
rxn03245,0.0,1000.0
rxn03245_REV,0.0,1000.0
rxn03250,0.0,1000.0
rxn03250_REV,-0.0,1000.0
rxn03247,0.0,1000.0
rxn03247_REV,-0.0,1000.0
rxn05165,0.0,1000.0
rxn05181,0.0,0.0
rxn10978,0.0,1000.0
rxn10978_REV,0.0,1000.0
rxn13831,0.0,1000.0
rxn10338,0.0,1000.0
rxn10338_REV,0.0,1000.0
rxn10341,0.0,1000.0
rxn10341_REV,0.0,1000.0
rxn10337,0.0,1000.0
rxn10337_REV,0.0,1000.0
rxn10342,0.0,1000.0
rxn10342_REV,0.0,1000.0
rxn10340,0.0,1000.0
rxn10340_REV,0.0,1000.0
rxn10339,0.0,1000.0
rxn10339_REV,0.0,1000.0
rxn10335,0.0,1000.0
rxn10335_REV,0.0,1000.0
rxn10334,0.0,1000.0
rxn10334_REV,0.0,1000.0
rxn10336,0.0,1000.0
rxn10336_REV,0.0,1000.0
rxn13785,0.0,1000.0
rxn13785_REV,0.0,1000.0
rPY00162,0.004457,0.004457
rPY00167,0.008834,0.008834
rxn02160,0.083919,9.534821
rxn13872,0.0,1000.0
rxn13872_REV,0.0,1000.0
rxn01964,0.057576,9.544998
rxn00416,0.102134,23.612207
rxn05651,0.0,0.125829
rxn05564,0.0,1000.0
rxn05564_REV,0.0,1000.0
rxn01192,0.0,4.57279
rxn12206,0.0,0.0
rxn12432,0.0,1000.0
rxn12432_REV,0.0,1000.0
rxn00874,0.0,1000.0
rxn00874_REV,0.0,1000.0
rxn02483,0.0,4.57279
rxn01827,0.0,2.249757
rxn03393,0.0,-0.0
rxn05176,0.0,1000.0
rxn05176_REV,0.0,1000.0
rxn05153,0.0,0.125829
rxn00858,0.0,8.23019
rxn05237,0.0,0.0
rxn11080,0.0,0.0
rxn09657,0.0,1000.0
rxn09657_REV,0.0,1000.0
rxn05202,0.0,1000.0
rxn05202_REV,0.0,1000.0
rxn05682,0.0,1000.0
rxn05682_REV,0.0,1000.0
rxn05312,0.0,1000.0
rxn05312_REV,0.0,1000.0
rxn05527,0.0,1000.0
rxn05527_REV,-0.0,1000.0
rxn05318,0.0,1000.0
rxn05318_REV,0.0,1000.0
rxn05198,0.0,1000.0
rxn05198_REV,0.0,1000.0
rxn05317,0.0,1000.0
rxn05317_REV,0.0,1000.0
rxn05205,0.0,1000.0
rxn05205_REV,0.0,1000.0
rxn05316,0.0,1000.0
rxn05316_REV,0.0,1000.0
rxn05200,0.0,1000.0
rxn05200_REV,0.0,1000.0
rxn05199,0.0,1000.0
rxn05199_REV,0.0,1000.0
rxn09688,0.0,0.0
rxn09687,0.0,0.0
rxn09685,0.0,0.0
rxn02287,0.0,1000.0
rxn02287_REV,0.0,1000.0
rxn00567,0.0,1000.0
rxn00567_REV,-0.0,1000.0
rJB00273,0.0,1000.0
rJB00273_REV,0.0,1000.0
rJB00274,0.0,1000.0
rJB00274_REV,0.0,1000.0
rxn04092,0.0,9.999585
rxn08550,0.033599,0.033599
rxn08552,0.107314,0.107314
rxn02503,0.000104,1000.0
rxn02503_REV,0.0,999.999896
rxn00256,0.0,1000.0
rxn00256_REV,0.0,1000.0
rxn00225,0.0,1000.0
rxn00225_REV,0.0,1000.0
rxn00799,0.0,1000.0
rxn00799_REV,0.0,1000.0
rxn05663,-0.0,1000.0
rxn05663_REV,0.0,1000.0
rxn00806,0.0,999.518296
rxn00806_REV,0.481704,1000.0
rxn00493,0.0,999.862536
rxn00493_REV,0.137464,1000.0
rxn05108,0.0,1000.0
rxn05108_REV,0.0,1000.0
rxn12562,0.0,1000.0
rxn12562_REV,0.0,1000.0
rJB00237,0.0,1000.0
rJB00237_REV,0.0,1000.0
rJB00240,0.0,1000.0
rJB00240_REV,0.0,1000.0
rxn05207,0.0,1000.0
rxn05207_REV,0.0,1000.0
rJB00238,0.0,1000.0
rJB00238_REV,0.0,1000.0
rxn03004,0.0,0.368785
rxn13841,0.0,1000.0
rxn13841_REV,0.0,1000.0
rxn01644,0.166245,0.166245
rxn04093,0.0,0.0
rxn05179,0.0,1000.0
rxn13794,0.0,1000.0
rxn10170,0.0,1000.0
rxn05169,0.0,1000.0
rxn01352,0.0,1000.0
rxn01352_REV,0.0,1000.0
rxn09016,0.0,1000.0
rxn09016_REV,0.0,1000.0
rxn05231,0.0,0.016703
rxn06076,0.0,0.049125
rxn05233,0.0,0.032422
rxn06075,0.0,0.016703
rxn12498,0.0,0.0
rJB00269,0.0,0.0
rxn05561,0.0,1000.0
rxn05561_REV,0.0,1000.0
rxn10154,0.0,1000.0
rxn10154_REV,0.0,1000.0
rxn00902,0.481704,3.686842
rxn00269,0.0,9.999585
rxn03541,0.0,1000.0
rxn03541_REV,0.0,1000.0
rxn10113,0.0,19.999171
rJB00267,0.0,19.999171
rxn05152,0.0,1000.0
rxn05146,0.0,1000.0
rxn08861,0.0,995.709953
rxn00394,0.0,23.510073
rxn05197,0.0,1000.0
rxn05197_REV,0.0,1000.0
rxn01225,0.0,0.0
rxn08527,0.0,0.0
rxn08527_REV,0.0,0.0
rxn01732,0.0,1000.0
rxn01732_REV,0.0,1000.0
rxn00285,0.0,1000.0
rxn00285_REV,0.0,1000.0
rxn05334,0.631627,1000.0
rxn05334_REV,0.0,999.368373
rxn05329,0.631627,1000.0
rxn05329_REV,0.0,999.368373
rxn05330,0.631627,1000.0
rxn05330_REV,0.0,999.368373
rxn13843,0.0,1000.0
rxn13843_REV,0.0,1000.0
rxn13840,0.295117,1000.0
rxn13840_REV,0.0,999.704883
rxn13846,0.0,1000.0
rxn13846_REV,0.0,1000.0
rxn10168,0.0,1000.0
rxn13842,0.0,1000.0
rxn13842_REV,0.0,1000.0
rxn02276,0.0,1000.0
rxn02276_REV,0.0,1000.0
rxn01332,0.293382,4.866172
rxn01388,0.0,1000.0
rxn01388_REV,0.0,1000.0
rxn00974,0.0,1000.0
rxn00974_REV,0.0,1000.0
rxn00973,0.0,1000.0
rxn00973_REV,0.0,1000.0
rxn13886,0.0,0.0
rxn02177,0.0,0.0
rxn05160,0.0,1000.0
rxn05549,0.0,0.0
rxn05644,0.0,1000.0
rxn05167,0.0,0.0
rxn05173,0.0,1000.0
rxn05173_REV,0.0,1000.0
rxn02143,0.0,1000.0
rxn02143_REV,0.0,1000.0
rxn02889,-0.0,1000.0
rxn02889_REV,0.0,1000.0
rxn05649,0.0,1000.0
rxn05649_REV,0.0,1000.0
rxn05307,0.0,1000.0
rxn05307_REV,0.0,1000.0
rxn05300,0.0,1000.0
rxn05300_REV,0.0,1000.0
rxn13811,0.0,1000.0
rxn13811_REV,0.0,1000.0
rxn00649,0.0,0.125829
rPY00184,0.001113,0.001113
rxn08229,0.008146,1000.0
rxn08229_REV,0.0,999.991854
rxn08230,0.004317,1000.0
rxn08230_REV,0.0,999.995683
rPY00183,0.002028,0.002028
rxn08231,0.000392,1000.0
rxn08231_REV,0.0,999.999608
rxn08232,0.012323,1000.0
rxn08232_REV,0.0,999.987677
rxn13847,0.0,1000.0
rxn13847_REV,0.0,1000.0
rxn00065,0.0,0.0
rxn00342,0.0,23.510073
rxn05171,0.0,1000.0
rxn13853,0.0,0.0
rxn13849,0.0,0.0
rxn05608,0.0,0.0
rJB00222,0.0,1000.0
rJB00222_REV,0.0,1000.0
rxn05614,0.0,0.0
rxn05613,0.0,0.0
rxn05149,0.0,0.0
rxn06600,0.0,1000.0
rxn06600_REV,0.0,1000.0
rxn00165,0.0,1000.0
rxn00165_REV,0.0,1000.0
rxn13803,0.0,1000.0
rxn13803_REV,0.0,1000.0
rxn06377,0.0,1000.0
rxn06377_REV,0.0,1000.0
rxn12549,0.0,1000.0
rxn12549_REV,0.0,1000.0
rxn13814,0.0,1000.0
rxn13814_REV,0.0,1000.0
rxn13681,0.0,1000.0
rxn13681_REV,0.0,1000.0
rxn13919,0.0,1000.0
rxn13919_REV,0.0,1000.0
rPY00172,0.003047,0.003047
rPY00175,0.005699,0.005699
rxn00175,0.0,1000.0
rxn00175_REV,0.0,1000.0
rxn05187,0.0,1000.0
rxn05187_REV,0.0,1000.0
rxn05151,0.0,1000.0
rxn06216,0.0,1000.0
rxn06216_REV,0.0,1000.0
rxn01199,0.0,1000.0
rxn01199_REV,0.0,1000.0
rxn08556,0.0,39.636355
rJB00260,0.0,39.636355
rxn02789,0.481704,1000.0
rxn02789_REV,0.0,999.518296
rxn02811,0.0,999.518296
rxn02811_REV,0.481704,1000.0
rxn03884,2.590256,1000.0
rxn03884_REV,0.0,997.409744
rxn00214,0.0,1000.0
rxn00214_REV,0.0,1000.0
rxn03135,0.083919,9.534821
rxn13877,0.0,1000.0
rxn13877_REV,0.0,1000.0
rxn13913,0.0,1000.0
rxn13913_REV,0.0,1000.0
rxn00980,0.0,0.0
rxn01639,0.0,9.450902
rxn10174,0.0,0.0
rxn05158,0.0,1000.0
rxn05158_REV,0.0,1000.0
rxn05147,-0.0,10.0
rxn00299,0.000104,0.000104
rxn05552,0.0,0.0
rxn05585,0.0,0.0
rxn05621,0.0,0.0
rxn05620,0.0,0.0
rxn05656,0.0,0.0
rxn08900,0.0,39.636355
rJB00262,0.0,39.636355
rxn05215,0.0,1000.0
rxn05215_REV,0.0,1000.0
rxn01834,0.0,1000.0
rxn01834_REV,0.0,1000.0
rxn01019,0.295181,23.805254
rxn13805,0.0,1000.0
rxn13805_REV,0.0,1000.0
rxn13807,0.0,1000.0
rxn13807_REV,0.0,1000.0
rxn13806,0.0,1000.0
rxn13806_REV,0.0,1000.0
rJB00225,0.0,997.409744
rxn05560,0.0,1000.0
rxn05560_REV,0.0,1000.0
rxn00615,0.0,1000.0
rxn00615_REV,0.0,1000.0
rxn00533,0.0,1000.0
rxn00533_REV,0.0,1000.0
rxn05332,0.0,1000.0
rxn05332_REV,0.0,1000.0
rxn05335,0.0,1000.0
rxn05335_REV,0.0,1000.0
rxn05373,0.0,1000.0
rxn05373_REV,0.0,1000.0
rxn05423,0.0,1000.0
rxn05423_REV,0.0,1000.0
rxn05398,0.0,1000.0
rxn05398_REV,0.0,1000.0
rxn05377,0.0,1000.0
rxn05377_REV,0.0,1000.0
rxn05427,0.0,1000.0
rxn05427_REV,0.0,1000.0
rxn05402,0.0,1000.0
rxn05402_REV,0.0,1000.0
rxn05381,0.0,1000.0
rxn05381_REV,0.0,1000.0
rxn05431,0.0,1000.0
rxn05431_REV,0.0,1000.0
rxn05406,0.0,1000.0
rxn05406_REV,0.0,1000.0
rxn07980,0.223463,1000.0
rxn07980_REV,0.0,999.776537
rxn05361,0.0,1000.0
rxn05361_REV,0.0,1000.0
rxn05411,0.0,1000.0
rxn05411_REV,0.0,1000.0
rxn05386,0.0,1000.0
rxn05386_REV,0.0,1000.0
rxn05415,0.0,1000.0
rxn05415_REV,0.0,1000.0
rxn05365,0.0,1000.0
rxn05365_REV,0.0,1000.0
rxn05390,0.0,1000.0
rxn05390_REV,0.0,1000.0
rxn05369,0.0,1000.0
rxn05369_REV,0.0,1000.0
rxn05419,0.0,1000.0
rxn05419_REV,0.0,1000.0
rxn05394,0.0,1000.0
rxn05394_REV,0.0,1000.0
rxn05462,0.0,1000.0
rxn05462_REV,0.0,1000.0
rxn08309,0.078879,1000.0
rxn08309_REV,0.0,999.921121
rPY00163,0.004457,0.004457
rPY00168,0.008834,0.008834
rxn05528,0.0,1000.0
rxn05485,0.0,1000.0
rxn05485_REV,0.0,1000.0
rxn05626,0.0,1000.0
rxn05626_REV,0.0,1000.0
rxn05209,0.0,1000.0
rxn05209_REV,0.0,1000.0
rxn05582,0.0,1000.0
rxn05582_REV,0.0,1000.0
rxn05172,0.0,0.0
rxn00539,0.0,0.0
rxn00300,0.0,-0.0
rxn00048,0.0,0.0
rJB00234,0.0,1000.0
rJB00234_REV,0.0,1000.0
rxn12591,0.0,1000.0
rxn12591_REV,0.0,1000.0
rxn06280,0.0,0.0
rxn05190,0.0,0.0
rxn13836,0.0,1000.0
rxn13836_REV,0.0,1000.0
rxn13823,0.0,1000.0
rxn13823_REV,0.0,1000.0
rxn13801,0.0,1000.0
rxn13801_REV,0.0,1000.0
rxn00006,0.0,0.0
rxn00691,0.0,12.734913
rxn00148,0.0,1000.0
rxn00148_REV,0.0,1000.0
rxn00206,0.0,0.0
rxn02305,0.0,1000.0
rxn02305_REV,0.0,1000.0
rxn13689,0.0,1000.0
rxn13689_REV,0.0,1000.0
rJB00271,0.0,1000.0
rJB00271_REV,0.0,1000.0
rxn09240,0.125829,1000.0
rxn09240_REV,0.0,999.874171
rxn02320,0.0,999.916081
rxn02320_REV,0.083919,1000.0
rxn05174,0.0,1000.0
rxn05533,0.0,0.0
rxn05540,0.0,0.0
rxn05541,0.0,0.0
rxn05542,0.0,0.0
rxn05543,0.0,0.0
rxn05544,0.0,0.0
rxn05545,0.0,0.0
rxn05539,0.0,0.0
rxn05546,0.0,0.0
rxn05537,0.0,0.0
rxn05547,0.0,0.0
rxn05534,0.0,0.0
rxn05535,0.0,0.0
rxn05538,0.0,0.0
rxn05536,0.0,0.0
rxn12848,0.0,0.0
rxn12849,0.0,0.0
rxn12850,0.0,0.0
rxn12851,0.0,0.0
rxn13792,0.0,19.818178
rxn13793,0.0,0.0
rxn00470,0.0,12.345285
rxn00711,0.0,0.0
rxn08043,0.161397,0.161397
rxn00003,0.0,999.250915
rxn00003_REV,0.749085,1000.0
rxn00527,0.0,999.901865
rxn00527_REV,0.098135,1000.0
rxn00776,0.0,-0.0
rxn00414,0.0,1000.0
rxn08792,0.0,0.0
rJB00261,0.0,0.0
rxn00405,-0.0,8.23019
rxn02213,0.293382,4.866172
rxn00101,0.0,23.510073
rxn13859,0.0,0.0
rxn06439,0.0,0.0
rxn13870,0.0,0.0
rxn13888,0.0,1000.0
rxn13888_REV,0.0,1000.0
rJB00232,0.0,1000.0
rJB00232_REV,0.0,1000.0
rxn00867,0.0,9.450902
rxn05347,0.0,3.658703
rxn05195,0.0,1000.0
rxn05195_REV,0.0,1000.0
rxn13107,0.000104,1000.0
rxn13107_REV,0.0,999.999896
rxn09044,0.0,0.0
rxn05466,10.0,1000.0
rxn05466_REV,0.0,990.0
rxn09692,0.0,1000.0
rxn09692_REV,0.0,1000.0
rxn00283,0.110632,1000.0
rxn00283_REV,0.0,999.889368
rxn05145,0.0,1000.0
rxn05145_REV,0.0,1000.0
rxn00737,0.0,0.161397
rxn08103,0.0,1000.0
rxn08103_REV,0.0,1000.0
rxn00692,0.0,1000.0
rxn00692_REV,0.0,1000.0
rxn00433,0.0,0.0
rxn05229,0.0,1000.0
rxn05229_REV,0.0,1000.0
rxn02938,0.0,1000.0
rxn13804,0.0,0.0
rxn13804_REV,0.0,0.0
rxn00162,0.0,1000.0
rxn10196,0.0,1000.0
rxn10196_REV,0.0,1000.0
rxn10195,0.0,1000.0
rxn10195_REV,0.0,1000.0
rxn10194,0.0,1000.0
rxn10194_REV,0.0,1000.0
rxn00640,0.0,1000.0
rxn00640_REV,0.0,1000.0
rxn00559,0.0,1000.0
rxn00559_REV,0.0,1000.0
rxn05605,0.0,1000.0
rxn05605_REV,0.0,1000.0
rxn05654,0.0,1000.0
rxn05654_REV,0.0,1000.0
rxn01300,0.161563,1000.0
rxn01300_REV,0.0,999.838437
rxn05150,0.0,1000.0
rxn13918,0.0,1000.0
rxn05183,0.0,0.0
rxn05219,0.0,0.0
rxn10042,0.0,1000.0
rxn10042_REV,0.0,1000.0
rxn03919,0.0,0.0
rxn02303,0.000104,0.000104
rxn13890,0.0,1000.0
rxn13890_REV,0.0,1000.0
rxn00656,0.0,1000.0
rxn00656_REV,0.0,1000.0
rxn00927,0.0,1000.0
rxn00927_REV,0.0,1000.0
rxn01299,0.0,1000.0
rxn01299_REV,0.0,1000.0
rxn00926,0.0,23.510073
rxn01137,0.0,23.510073
rxn01858,0.0,-0.0
rxn00598,0.0,1000.0
rxn00598_REV,0.0,1000.0
rxn13865,0.0,1000.0
rxn13865_REV,0.0,1000.0
rxn02369,0.0,1000.0
rxn02369_REV,0.0,1000.0
rxn02144,0.0,4.57279
rxn05673,0.0,0.0
rxn05574,0.0,0.0
rxn01204,0.0,1000.0
rxn01204_REV,0.0,1000.0
rxn10132,0.0,1000.0
rxn10132_REV,0.0,1000.0
rxn01029,0.0,8.23019
rxn00853,0.0,8.23019
rxn00856,0.0,1000.0
rxn00856_REV,0.0,1000.0
rxn05508,0.0,1000.0
rxn05508_REV,0.0,1000.0
rxn00777,0.0,999.320695
rxn00777_REV,0.679305,1000.0
rxn01520,0.016703,0.016703
rxn01073,0.0,0.0
rxn00758,0.0,0.0
rxn00898,0.749085,3.954224
rxn09889,0.161397,0.161397
rxn02175,0.0,1000.0
rxn02175_REV,0.0,1000.0
rxn01303,0.0,0.248334
rxn01304,0.0,0.248334
rxn00953,0.0,1000.0
rxn00953_REV,0.0,1000.0
rxn00950,0.0,1000.0
rxn00742,0.0,0.161397
rxn02302,0.0,1000.0
rxn02302_REV,0.0,1000.0
rxn01816,0.0,1000.0
rxn01816_REV,0.0,1000.0
rxn01018,0.361986,0.361986
rxn00351,0.0,0.0
rxn02312,0.0,1000.0
rxn02312_REV,0.0,1000.0
rxn00141,0.000311,1000.0
rxn00141_REV,0.0,999.999689
rxn00717,0.0,0.0
rxn01626,0.0,0.0
rxn11268,0.0,5.21636
rxn00330,0.0,1000.0
rxn00330_REV,0.0,1000.0
rxn00796,0.0,1000.0
rxn00796_REV,0.0,1000.0
rxn02297,0.0,0.0
rxn02277,0.0,0.0
rxn00126,0.00889,0.00889
rxn01200,0.0,1000.0
rxn01200_REV,0.0,1000.0
rxn00785,0.486343,1000.0
rxn00785_REV,0.0,999.513657
rxn01100,0.0,1000.0
rxn01100_REV,0.0,1000.0
rxn00786,0.0,1000.0
rxn00786_REV,0.0,1000.0
rxn02504,0.000104,1000.0
rxn02504_REV,0.0,999.999896
rxn00095,0.0,0.0
rxn01116,0.0,999.320695
rxn01116_REV,0.679305,1000.0
rxn00791,0.057576,9.544998
rxn02507,0.057576,9.544998
rxn00127,0.0,-0.0
rxn12880,0.000104,1000.0
rxn12880_REV,0.0,999.999896
rxn12510,0.0,1000.0
rxn12510_REV,0.0,1000.0
rxn02934,0.0,1000.0
rxn02934_REV,0.0,1000.0
rxn12788,0.0,1000.0
rxn12788_REV,0.0,1000.0
rxn05221,0.0,1000.0
rxn05221_REV,0.0,1000.0
rxn13819,0.0,1000.0
rxn13819_REV,0.0,1000.0
rxn00670,0.0,0.0
rxn00670_REV,0.0,0.0
rxn00985,0.0,0.0
rxn00985_REV,0.0,0.0
rxn03236,0.0,1000.0
rxn03236_REV,0.0,1000.0
rxn04989,0.0,0.0
rJB00258,0.0,1000.0
rJB00258_REV,0.0,1000.0
rxn01734,0.0,1000.0
rxn01734_REV,0.0,1000.0
rxn00177,0.0,1000.0
rxn00177_REV,0.0,1000.0
rxn01637,0.0,1000.0
rxn01637_REV,0.0,1000.0
rxn00467,0.0,1000.0
rxn00467_REV,0.0,1000.0
rxn00291,0.0,1000.0
rxn00291_REV,0.0,1000.0
rxn00541,0.0,27.972764
rxn00337,0.576142,1000.0
rxn00337_REV,0.0,999.423858
rxn10474,0.0,1000.0
rxn10474_REV,0.0,1000.0
rxn00303,0.0,1000.0
rxn00303_REV,0.0,1000.0
rxn02937,0.368785,1000.0
rxn02937_REV,0.0,999.631215
rxn13810,0.0,1000.0
rxn13810_REV,0.0,1000.0
rxn02988,0.0,0.0
rxn02988_REV,0.0,-0.0
rxn03147,0.368785,0.368785
rxn13854,0.0,1000.0
rxn13854_REV,0.0,1000.0
rxn00019,0.0,1000.0
rxn00019_REV,0.0,1000.0
rxn09566,0.0,19.999171
rxn00208,0.0,9.999585
rxn01252,0.0,0.0
rxn00209,0.0,0.0
rxn01102,0.0,1000.0
rxn01102_REV,0.0,1000.0
rxn13904,0.0,1000.0
rxn13904_REV,0.0,1000.0
rxn01973,0.166245,1000.0
rxn01973_REV,0.0,999.833755
rxn06023,0.0,1000.0
rxn06023_REV,0.0,1000.0
rxn13827,0.0,1000.0
rxn13827_REV,0.0,1000.0
rxn10090,0.0,1000.0
rxn10090_REV,0.0,1000.0
rxn11544,0.0,1000.0
rxn11544_REV,0.0,1000.0
rxn03540,0.0,1000.0
rxn03540_REV,0.0,1000.0
rxn13861,0.0,0.0
rxn02900,0.0,1000.0
rxn02900_REV,0.0,1000.0
rxn00537,0.0,0.0
rxn08707,0.0,1000.0
rxn08707_REV,0.0,1000.0
rxn00361,0.0,1000.0
rxn00361_REV,0.0,1000.0
rxn00250,0.0,1000.0
rxn01462,0.0,0.0
rxn13855,0.0,1000.0
rxn13855_REV,0.0,1000.0
rxn05305,0.0,1000.0
rxn09653,0.0,1000.0
rxn09653_REV,0.0,1000.0
rxn00010,0.0,0.0
rxn00327,0.0,0.0
rxn01746,0.0,1000.0
rxn01746_REV,0.0,1000.0
rxn00139,0.0,23.510073
rxn02271,0.0,1000.0
rxn02271_REV,0.0,1000.0
rxn02867,0.0,1000.0
rxn02867_REV,0.0,1000.0
rxn05241,0.0,1000.0
rxn05241_REV,0.0,1000.0
rxn05240,0.0,1000.0
rxn05240_REV,0.0,1000.0
rxn05242,0.0,1000.0
rxn05242_REV,0.0,1000.0
rxn05375,0.0,0.0
rxn05425,0.0,0.0
rxn05400,0.0,0.0
rxn05379,0.0,0.0
rxn05429,0.0,0.0
rxn05404,0.0,0.0
rxn05409,0.0,0.0
rxn05384,0.0,0.0
rxn05460,0.0,0.015565
rxn05359,0.0,0.0
rxn05363,0.0,0.0
rxn05413,0.0,0.0
rxn05388,0.0,0.0
rxn05417,0.0,0.0
rxn05367,0.0,0.0
rxn05392,0.0,0.0
rxn05371,0.0,0.0
rxn05421,0.0,0.0
rxn05396,0.0,0.0
rxn05346,0.631627,3.658703
rxn05348,0.578717,14.297087
rxn05345,0.472896,14.191266
rxn13851,0.0,0.015565
rxn05350,0.631627,3.658703
rxn05343,0.631627,3.658703
rxn05344,0.472896,41.628006
rxn00189,0.0,1000.0
rxn02569,0.0,1000.0
rxn02569_REV,0.0,1000.0
rxn01255,0.293382,4.866172
rxn05104,0.0,-0.0
rxn01620,0.0,1000.0
rxn01620_REV,0.0,1000.0
rxn05092,0.0,0.0
rxn05091,0.0,1000.0
rxn05091_REV,0.0,1000.0
rxn05107,0.0,1000.0
rxn05107_REV,0.0,1000.0
rxn01406,0.0,0.0
rxn00222,0.0,0.0
rxn00676,0.0,1000.0
rxn00676_REV,0.0,1000.0
rxn02167,0.0,1000.0
rxn02167_REV,0.0,1000.0
rxn05256,0.125829,1000.0
rxn05256_REV,0.0,999.874171
rxn01257,0.000104,1000.0
rxn01257_REV,0.0,999.999896
rxn00147,0.0,1000.0
rxn06831,0.0,0.0
rxn05627,0.0,1000.0
rxn05627_REV,0.0,1000.0
rxn13884,0.026455,1000.0
rxn13884_REV,0.0,999.973545
rxn01211,0.452704,1000.0
rxn01211_REV,0.0,999.547296
rxn00322,0.0,0.0
rxn13809,0.0,1000.0
rxn13809_REV,0.0,1000.0
rxn05687,0.0,0.0
rxn10182,0.0,1000.0
rxn10182_REV,0.0,1000.0
rxn09660,0.0,-0.0
rxn00693,0.087248,1000.0
rxn00693_REV,0.0,999.912752
rxn05232,0.0,0.016703
rxn05235,0.0,0.049125
rxn05234,0.0,0.032422
rxn05236,0.0,0.016703
rxn03052,0.0,1000.0
rxn03052_REV,0.0,1000.0
rxn00134,0.0,1000.0
rxn00134_REV,0.0,1000.0
rxn01987,0.0,1000.0
rxn01987_REV,0.0,1000.0
rxn00772,0.0,1000.0
rxn00772_REV,0.0,1000.0
rxn01538,0.0,1000.0
rxn01538_REV,0.0,1000.0
rxn03900,0.0,1000.0
rxn03900_REV,-0.0,1000.0
rxn03901,0.055316,0.055316
rxn05244,0.0,1000.0
rxn05244_REV,0.0,1000.0
rxn05243,0.0,1000.0
rxn05243_REV,0.0,1000.0
rxn00988,0.0,23.510073
rxn00290,0.0,1000.0
rxn00290_REV,0.0,1000.0
rxn05484,0.0,1000.0
rxn05484_REV,0.0,1000.0
rxn05683,0.0,0.0
rxn12405,0.0,1000.0
rxn12405_REV,0.0,1000.0
rxn00993,0.0,2.249757
rxn01825,0.0,2.249757
rxn00991,0.0,1000.0
rxn00991_REV,0.0,1000.0
rxn01355,0.0,0.0
rxn01504,0.0,1000.0
rxn01504_REV,0.0,1000.0
rxn02898,0.0,0.0
rxn00701,0.0,1000.0
rxn00701_REV,0.0,1000.0
rxn00213,0.0,1000.0
rxn00213_REV,0.0,1000.0
rxn05063,0.0,1000.0
rxn05063_REV,0.0,1000.0
rxn08277,0.0,0.0
rxn00102,0.0,1000.0
rxn00102_REV,0.0,1000.0
rxn00728,0.0,9.487422
rxn01437,0.0,1000.0
rxn01437_REV,0.0,1000.0
rxn13299,0.0,999.999974
rxn01134,0.0,1000.0
rxn01134_REV,0.0,1000.0
rxn13817,0.0,0.0
rxn13643,2.6e-05,1000.0
rxn10160,0.0,1000.0
rxn10160_REV,0.0,1000.0
rxn05565,0.0,0.0
rxn05572,0.0,0.0
rxn01245,0.0,3.205138
rxn02950,0.0,-0.0
rxn10537,0.0,1000.0
rxn10537_REV,0.0,1000.0
rxn01921,0.0,1000.0
rxn01921_REV,0.0,1000.0
rxn13791,0.0,1000.0
rJB00278,0.0,10.0
rxn01275,0.0,1000.0
rxn01275_REV,0.0,1000.0
rxn05571,0.0,1000.0
rxn05571_REV,0.0,1000.0
rxn00547,0.0,1000.0
rxn00547_REV,0.0,1000.0
rxn09370,0.0,0.0
rxn13797,0.0,1000.0
rxn13797_REV,0.0,1000.0
rxn13813,0.0,1000.0
rxn13813_REV,0.0,1000.0
rPY00217,0.0,0.0
rxn04786,0.0,1000.0
rxn04786_REV,0.0,1000.0
rxn00007,0.0,1000.0
rxn00007_REV,0.0,1000.0
rxn10974,0.0,1000.0
rxn10974_REV,0.0,1000.0
rxn00588,0.0,0.0
rxn02971,0.0,1000.0
rxn02971_REV,0.0,1000.0
rxn02782,0.0,1000.0
rxn02782_REV,0.0,1000.0
rxn00478,0.0,9.487422
rxn10260,0.0,1000.0
rxn10260_REV,0.0,1000.0
rxn10263,0.0,1000.0
rxn10263_REV,0.0,1000.0
rxn13815,0.0,0.0
rxn10259,0.0,1000.0
rxn10259_REV,0.0,1000.0
rxn10264,0.0,1000.0
rxn10264_REV,0.0,1000.0
rxn10262,0.0,1000.0
rxn10262_REV,0.0,1000.0
rxn10261,0.0,1000.0
rxn10261_REV,0.0,1000.0
rxn09108,0.0,1000.0
rxn09108_REV,0.0,1000.0
rxn09109,0.0,1000.0
rxn09109_REV,0.0,1000.0
rxn09110,0.0,1000.0
rxn09110_REV,0.0,1000.0
rxn09111,0.029308,1000.0
rxn09111_REV,0.0,999.970692
rxn09112,0.012571,1000.0
rxn09112_REV,0.0,999.987429
rxn09113,0.001221,1000.0
rxn09113_REV,0.0,999.998779
rxn09114,0.036626,1000.0
rxn09114_REV,0.0,999.963374
rxn12221,0.0,1000.0
rxn12221_REV,0.0,1000.0
rxn03136,0.368785,1000.0
rxn03136_REV,0.0,999.631215
rxn00800,0.214376,1000.0
rxn00800_REV,0.0,999.785624
rxn00336,0.0,11.755036
rxn02986,0.0,1000.0
rxn02986_REV,0.0,1000.0
rxn06447,0.0,0.0
rxn05559,0.0,1000.0
rxn05559_REV,0.0,1000.0
rxn01333,0.0,1000.0
rxn01333_REV,0.0,1000.0
rxn00191,0.0,1000.0
rxn00191_REV,0.0,1000.0
rxn00710,0.361986,0.361986
rxn03513,0.0,1000.0
rxn03513_REV,0.0,1000.0
rxn02775,0.0,1000.0
rxn02775_REV,0.0,1000.0
rxn03512,0.0,1000.0
rxn03512_REV,0.0,1000.0
rxn03491,0.0,1000.0
rxn03491_REV,0.0,1000.0
rxn13800,0.0,0.0
rxn05188,0.0,0.0
rxn03514,0.0,1000.0
rxn03514_REV,0.0,1000.0
rxn01513,0.0,1000.0
rxn01513_REV,0.0,1000.0
rxn03841,0.000104,0.000104
rxn05451,0.0,1000.0
rxn05451_REV,0.0,1000.0
rxn05455,0.0,1000.0
rxn05455_REV,0.0,1000.0
rxn05453,0.0,1000.0
rxn05453_REV,0.0,1000.0
rxn05452,0.0,1000.0
rxn05452_REV,0.0,1000.0
rxn05456,0.0,1000.0
rxn05456_REV,0.0,1000.0
rxn05454,0.0,1000.0
rxn05454_REV,0.0,1000.0
rxn05358,-0.0,1000.0
rxn05358_REV,0.0,1000.0
rxn05408,0.0,1000.0
rxn05408_REV,0.0,1000.0
rxn05383,0.0,1000.0
rxn05383_REV,0.0,1000.0
rxn05458,0.0,1000.0
rxn05458_REV,0.0,1000.0
rxn05465,4.290047,1000.0
rxn05465_REV,0.0,995.709953
rxn05459,0.0,1000.0
rxn05459_REV,0.0,1000.0
rxn05457,0.0,1000.0
rxn05457_REV,0.0,1000.0
rxn02405,0.0,0.0
rxn13880,0.026455,1000.0
rxn13880_REV,0.0,999.973545
rxn05306,0.0,1000.0
rxn05306_REV,0.0,1000.0
rxn01022,0.0,1000.0
rxn01022_REV,0.0,1000.0
rxn01360,0.0,9.999585
rxn08335,0.0,1000.0
rxn08335_REV,0.0,1000.0
rJB00259,0.0,1000.0
rJB00259_REV,0.0,1000.0
rxn08336,0.0,0.0
rxn02028,0.0,0.0
rxn05957,0.0,0.125829
rxn00790,0.368785,0.368785
rxn01603,0.000104,0.000104
rxn00689,0.0,1000.0
rxn00689_REV,0.0,1000.0
rxn02508,0.057576,1000.0
rxn02508_REV,0.0,999.942424
rxn06937,0.000829,0.000829
rxn13915,0.0,1000.0
rxn13915_REV,0.0,1000.0
rxn13916,0.0,1000.0
rxn13916_REV,0.0,1000.0
rxn13917,0.0,1000.0
rxn13917_REV,0.0,1000.0
rxn00295,0.0,1000.0
rxn00295_REV,0.0,1000.0
rxn13833,0.0,1000.0
rxn13833_REV,0.0,1000.0
rxn08040,0.0,1000.0
rxn08040_REV,0.0,1000.0
rxn13922,0.0,1000.0
rxn13922_REV,0.0,1000.0
rxn00297,0.0,1000.0
rxn00297_REV,0.0,1000.0
rxn13923,0.0,1000.0
rxn13923_REV,0.0,1000.0
rxn13912,0.0,1000.0
rxn13912_REV,0.0,1000.0
rxn13911,0.0,1000.0
rxn13911_REV,0.0,1000.0
rxn00364,0.027982,1000.0
rxn00364_REV,0.0,999.972018
rxn01219,0.0,999.967578
rxn01219_REV,0.032422,1000.0
rxn02476,0.293382,1000.0
rxn02476_REV,0.0,999.706618
rxn01256,0.235599,2.485355
rxn01000,0.137464,1000.0
rxn01000_REV,0.0,999.862536
rxn03445,0.0,1000.0
rxn03445_REV,0.0,1000.0
rxn02914,0.0,1000.0
rxn02914_REV,0.0,1000.0
rxn03057,0.0,1000.0
rxn03057_REV,0.0,1000.0
rxn12892,0.000104,1000.0
rxn12892_REV,0.0,999.999896
rxn05003,0.000104,1000.0
rxn05003_REV,0.0,999.999896
rxn08353,0.0,1000.0
rxn08353_REV,0.0,1000.0
rxn03395,0.0,1000.0
rxn03395_REV,0.0,1000.0
rxn05672,0.0,1000.0
rxn05672_REV,0.0,1000.0
rxn05298,0.0,1000.0
rxn05298_REV,0.0,1000.0
rxn01476,0.0,1000.0
rxn09502,0.0,10.0
rxn00216,0.0,10.0
rxn01477,2.590256,1000.0
rxn05595,0.0,1000.0
rxn05595_REV,0.0,1000.0
rJB00226,0.0,1000.0
rJB00226_REV,0.0,1000.0
rxn13873,0.0,1000.0
rxn13873_REV,0.0,1000.0
rxn03167,0.000104,0.000104
rxn01398,0.0,1000.0
rxn08766,0.0,3.658703
rxn03511,0.0,0.0
rxn00166,0.0,0.0
rxn00374,0.0,9.450902
rxn13864,0.0,0.0
rxn13860,0.0,-0.0
rxn13903,0.0,1000.0
rxn13903_REV,0.0,1000.0
rxn13902,0.0,1000.0
rxn13902_REV,0.0,1000.0
rxn01672,0.0,0.016703
rxn06443,0.0,0.0
rPY00215,0.0,-0.0
rxn01434,0.295181,1000.0
rxn01434_REV,0.0,999.704819
rxn01465,0.0,999.638014
rxn01465_REV,0.361986,1000.0
rxn13920,0.0,1000.0
rxn13920_REV,0.0,1000.0
rxn01492,0.0,1000.0
rxn01492_REV,0.0,1000.0
rxn02314,0.0,1000.0
rxn02314_REV,0.0,1000.0
rxn05581,0.0,1000.0
rxn05581_REV,0.0,1000.0
rxn10254,0.0,1000.0
rxn10254_REV,0.0,1000.0
rxn10257,0.0,1000.0
rxn10257_REV,0.0,1000.0
rxn06139,0.0,1000.0
rxn06139_REV,0.0,1000.0
rxn08294,0.0,1000.0
rxn08294_REV,0.0,1000.0
rxn08295,0.0,1000.0
rxn08295_REV,0.0,1000.0
rxn08296,0.0,1000.0
rxn08296_REV,0.0,1000.0
rxn08297,0.0,1000.0
rxn08297_REV,0.0,1000.0
rxn08298,0.0,1000.0
rxn08298_REV,0.0,1000.0
rxn08299,0.0,1000.0
rxn08299_REV,0.0,1000.0
rxn08300,0.0,1000.0
rxn08300_REV,0.0,1000.0
rxn10253,0.0,1000.0
rxn10253_REV,0.0,1000.0
rxn10258,0.0,1000.0
rxn10258_REV,0.0,1000.0
rxn10256,0.0,1000.0
rxn10256_REV,0.0,1000.0
rxn10255,0.0,1000.0
rxn10255_REV,0.0,1000.0
rxn00132,0.0,1000.0
rxn00363,0.0,0.0
rxn01507,0.0,0.0
rxn01218,0.0,0.0
rxn01445,0.0,0.0
rxn01145,0.0,0.0
rxn01521,0.0,0.0
rxn00913,0.0,0.0
rxn00831,0.0,23.510073
rxn00708,0.0,0.0
rxn01961,0.0,0.0
rxn03910,0.000933,1000.0
rxn03910_REV,0.0,999.999067
rxn03907,0.000933,1000.0
rxn03907_REV,0.0,999.999067
rxn00459,0.0,1000.0
rxn00459_REV,0.0,1000.0
rxn02331,0.0,0.0
rxn00412,0.0,1000.0
rxn00410,0.0,1000.0
rxn00410_REV,0.0,1000.0
rxn06673,0.0,1000.0
rxn13874,0.026455,1000.0
rxn13874_REV,0.0,999.973545
rxn13882,0.05291,1000.0
rxn13882_REV,0.0,999.94709
rxn13881,0.05291,1000.0
rxn13881_REV,0.0,999.94709
rxn13889,0.0,1000.0
rxn13889_REV,0.0,1000.0
rxn05030,0.0,0.0
rxn00119,0.340295,1000.0
rxn00119_REV,0.0,999.659705
rxn01517,0.0,1000.0
rxn01517_REV,0.0,1000.0
rxn03087,0.0,999.833755
rxn03087_REV,0.166245,1000.0
rxn03031,0.166245,0.166245
rxn10206,0.0,0.0
rxn10209,0.0,0.0
rxn08546,0.0,0.0
rxn08547,0.0,0.0
rxn08548,0.0,0.0
rxn08549,0.0,0.083335
rxn08551,0.0,0.012199
rxn10205,0.0,-0.0
rxn10210,0.0,-0.0
rxn10208,0.0,0.0
rxn10207,0.0,-0.0
rxn10203,0.0,0.0
rxn10202,0.0,0.083335
rxn10204,0.0,0.012199
rxn08067,0.0,1000.0
rxn08067_REV,0.0,1000.0
rxn00097,0.0,1000.0
rxn00097_REV,0.0,1000.0
rxn01127,0.0,999.983297
rxn01127_REV,0.016703,1000.0
rxn08066,0.0,1000.0
rxn08066_REV,0.0,1000.0
rxn00251,0.0,1000.0
rxn00251_REV,0.0,1000.0
rxn05516,0.0,1000.0
rxn03446,0.0,-0.0
rxn01069,0.161563,28.295724
rxn04783,0.0,0.368785
rxn01484,0.0,1000.0
rxn01484_REV,0.0,1000.0
rxn02005,0.0,1000.0
rxn02005_REV,0.0,1000.0
rxn03084,0.368785,0.368785
rxn05301,0.0,1000.0
rxn05301_REV,0.0,1000.0
rxn00917,0.238328,0.238328
rxn00409,0.0,1000.0
rxn00409_REV,0.0,1000.0
rxn00839,0.0,1000.0
rxn00839_REV,0.0,1000.0
rxn01673,0.0,1000.0
rxn01673_REV,0.0,1000.0
rxn01353,0.0,1000.0
rxn01353_REV,0.0,1000.0
rxn01512,0.0,1000.0
rxn01512_REV,0.0,1000.0
rxn01678,0.0,1000.0
rxn01678_REV,0.0,1000.0
rxn00237,0.0,1000.0
rxn00237_REV,0.0,1000.0
rxn00117,0.405364,1000.0
rxn00117_REV,0.0,999.594636
rxn00423,0.0,0.125829
rPY00214,0.0,-0.0
rxn10144,0.0,1000.0
rxn05625,0.0,1000.0
rxn05557,0.0,1000.0
rxn00131,0.0,1000.0
rxn00131_REV,0.0,1000.0
rxn02484,0.0,1000.0
rxn02484_REV,0.0,1000.0
rxn03108,0.0,1000.0
rxn03108_REV,0.0,1000.0
rxn06441,0.0,0.0
rxn10199,0.055316,1000.0
rxn10199_REV,0.0,999.944684
rxn02155,0.0,1000.0
rxn02155_REV,0.0,1000.0
rxn13044,0.000104,1000.0
rxn13044_REV,0.0,999.999896
rxn05551,0.0,0.0
rxn00001,0.0,1000.0
rxn13826,0.000104,1000.0
rxn13826_REV,0.0,999.999896
rxn01466,0.000104,0.000104
rxn03909,0.000933,0.000933
rxn05515,0.0,0.0
rxn10266,0.0,0.0
rxn10269,0.0,0.0
rxn10265,0.0,0.0
rxn10270,0.0,0.0
rxn10268,0.0,0.0
rxn10267,0.0,0.0
rxn09101,0.0,0.0
rxn09102,0.0,0.0
rxn09103,0.0,0.0
rPY00173,0.003047,0.003047
rxn09104,0.029308,0.029308
rxn09105,0.012571,0.012571
rPY00176,0.005699,0.005699
rxn09106,0.001221,0.001221
rxn09107,0.036626,0.036626
rxn13887,-0.0,0.0
rxn00438,0.0,1000.0
rxn00438_REV,0.0,1000.0
rxn03080,0.0,1000.0
rxn03080_REV,0.0,1000.0
rxn13905,0.0,0.0
rxn02475,0.0,0.0
rxn07099,0.0,0.0
rxn02366,0.0,0.0
rJB00223,0.0,1000.0
rJB00223_REV,0.0,1000.0
rxn13798,0.0,1000.0
rxn13798_REV,0.0,1000.0
rxn04454,0.0,0.0
rxn01258,0.0,1000.0
rxn01258_REV,0.0,1000.0
rxn00792,0.0,0.0
rxn00792_REV,0.0,0.0
rxn05526,0.0,1000.0
rxn05526_REV,0.0,1000.0
rxn05618,0.0,0.0
rxn10963,0.0,1000.0
rxn10963_REV,0.0,1000.0
rxn01636,0.0,1000.0
rxn01636_REV,0.0,1000.0
rxn13883,0.05291,1000.0
rxn13883_REV,0.0,999.94709
rxn00851,0.055316,0.055316
rxn02286,0.055316,0.055316
rxn03408,0.055316,1000.0
rxn03408_REV,0.0,999.944684
rxn02008,0.055316,0.055316
rxn03904,0.055316,1000.0
rxn03904_REV,0.0,999.944684
rxn03164,0.055316,0.055316
rxn02011,0.055316,0.055316
rxn03917,0.0,1000.0
rxn03917_REV,0.0,1000.0
rxn06448,0.0,0.0
rxn00789,0.083919,9.534821
rxn00461,0.055316,1000.0
rxn00461_REV,0.0,999.944684
rxn01117,0.0,1000.0
rxn01117_REV,0.0,1000.0
rxn02404,0.0,0.0
rJB00241,0.0,1000.0
rJB00241_REV,0.0,1000.0
rxn02402,0.0,0.0
rxn00100,0.0,0.0
rxn00392,0.0,1000.0
rxn00392_REV,0.0,1000.0
rxn00179,1.082027,1000.0
rxn00179_REV,0.0,998.917973
rxn09037,0.000104,0.000104
rxn05028,0.000104,0.000104
rxn00014,0.0,1000.0
rxn00014_REV,0.0,1000.0
rxn09674,0.0,1000.0
rxn09674_REV,0.0,1000.0
rxn00915,0.0,0.0
rxn00836,0.0,23.510073
rxn12218,0.000104,1000.0
rxn12218_REV,0.0,999.999896
rxn00193,0.055316,1000.0
rxn00193_REV,0.0,999.944684
rxn09179,0.0,0.000104
rxn03908,0.000933,1000.0
rxn03908_REV,0.0,999.999067
rxn00770,0.872266,1000.0
rxn00770_REV,0.0,999.127734
rxn10227,0.0,0.0
rxn10230,0.0,0.0
rxn13816,0.0,0.0
rxn10226,0.0,0.0
rxn10231,0.0,0.0
rxn10229,0.0,0.0
rxn10228,0.0,0.0
rxn09205,0.0,0.0
rxn09206,0.0,0.0
rxn09207,0.0,0.0
rPY00164,0.00141,0.00141
rxn09208,0.049571,0.049571
rxn09209,0.021028,0.021028
rPY00169,0.003135,0.003135
rxn09210,0.002145,0.002145
rxn09211,0.070689,0.070689
rxn00912,0.0,1000.0
rxn00912_REV,0.0,1000.0
rxn01791,0.0,-0.0
rxn00346,0.0,12.734913
rxn01977,0.0,1000.0
rxn01977_REV,0.0,1000.0
rxn02380,0.0,1000.0
rxn02380_REV,0.0,1000.0
rxn00558,0.0,1000.0
rxn00558_REV,0.0,1000.0
rxn00747,0.2966,1000.0
rxn00747_REV,0.0,999.7034
rxn01485,0.0,999.836457
rxn01485_REV,0.163543,1000.0
rxn02201,0.000104,0.000104
rxn10171,0.0,1000.0
rxn10171_REV,0.0,1000.0
rxn05470,0.0,999.999896
rxn05470_REV,0.000104,1000.0
rxn05602,0.0,1000.0
rxn05602_REV,0.0,1000.0
rxn10571,0.0,1000.0
rxn05616,0.0,1000.0
rxn05616_REV,0.0,1000.0
rxn06672,0.0,1000.0
rxn06672_REV,0.0,1000.0
rxn00832,0.0,999.547296
rxn00832_REV,0.452704,1000.0
rxn03137,0.452704,1000.0
rxn03137_REV,0.0,999.547296
rxn02895,0.368785,0.368785
rxn01294,0.0,0.0
rxn00838,0.214376,23.724449
rxn02875,0.0,1000.0
rxn02875_REV,0.0,1000.0
rxn01416,0.0,1000.0
rxn01416_REV,0.0,1000.0
rxn10233,0.0,1000.0
rxn10233_REV,0.0,1000.0
rxn10236,0.0,1000.0
rxn10236_REV,0.0,1000.0
rxn10232,0.0,1000.0
rxn10232_REV,0.0,1000.0
rxn10237,0.0,1000.0
rxn10237_REV,0.0,1000.0
rxn10235,0.0,1000.0
rxn10235_REV,0.0,1000.0
rxn10234,0.0,1000.0
rxn10234_REV,0.0,1000.0
rxn13894,0.0,0.0
rxn09197,0.0,1000.0
rxn09197_REV,0.0,1000.0
rxn09198,0.0,1000.0
rxn09198_REV,0.0,1000.0
rxn09199,0.0,1000.0
rxn09199_REV,0.0,1000.0
rPY00165,0.00141,0.00141
rxn09200,0.049571,1000.0
rxn09200_REV,0.0,999.950429
rxn09201,0.021028,1000.0
rxn09201_REV,0.0,999.978972
rPY00170,0.003135,0.003135
rxn09202,0.002145,1000.0
rxn09202_REV,0.0,999.997855
rxn09203,0.070689,1000.0
rxn09203_REV,0.0,999.929311
rxn09997,0.0,1000.0
rxn09997_REV,0.0,1000.0
rxn00260,0.0,1000.0
rxn00260_REV,0.0,1000.0
rxn13878,0.0,1000.0
rxn13878_REV,0.0,1000.0
rxn13879,0.0,1000.0
rxn13879_REV,0.0,1000.0
rxn03916,0.0,1000.0
rxn03916_REV,0.0,1000.0
rxn03918,0.0,1000.0
rxn03918_REV,-0.0,1000.0
rxn13867,0.0,0.0
rxn13866,0.0,0.0
rxn13869,0.0,0.0
rPY00222,-0.0,0.0
rPY00221,0.0,0.0
rxn01575,0.0,1000.0
rxn01575_REV,0.0,1000.0
rxn00903,0.0,1000.0
rxn00903_REV,0.0,1000.0
rxn06077,0.0,1000.0
rxn06077_REV,0.0,1000.0
rxn02268,0.0,-0.0
rxn00453,0.0,0.0
rxn02288,0.000104,1000.0
rxn02288_REV,0.0,999.999896
rxn02212,0.293382,4.866172
rxn01739,0.293382,1000.0
rxn01739_REV,0.0,999.706618
rxn06432,0.0,0.0
rxn12879,0.000104,1000.0
rxn12879_REV,0.0,999.999896
rxn09039,0.0,0.0
rxn02835,0.083919,1000.0
rxn02835_REV,0.0,999.916081
rxn02834,0.083919,9.534821
rxn01514,0.0,1000.0
rxn01642,0.0,9.450902
rxn05299,0.0,1000.0
rxn05299_REV,0.0,1000.0
rxn05494,0.0,0.0
rxn12604,0.0,1000.0
rxn12604_REV,0.0,1000.0
rxn02085,0.0,1000.0
rxn02085_REV,0.0,1000.0
rxn01640,0.0,1000.0
rxn01640_REV,0.0,1000.0
rxn00549,0.0,997.409744
rxn01106,0.0,1000.0
rxn01106_REV,0.0,1000.0
rxn03175,0.083919,1000.0
rxn03175_REV,0.0,999.916081
rxn02473,0.083919,9.534821
rxn01997,0.0,0.0
rxn01675,0.0,1000.0
rxn01675_REV,0.0,1000.0
rxn02000,0.0,1000.0
rxn02000_REV,0.0,1000.0
rxn10131,0.0,1000.0
rxn10131_REV,0.0,1000.0
rxn00395,0.0,23.510073
rxn00114,0.0,1000.0
rxn00114_REV,0.0,1000.0
rxn00137,0.0,0.0
rxn00247,0.0,1000.0
rxn00646,0.0,0.0
rxn00192,0.0,23.510073
rxn00469,0.0,1000.0
rxn00469_REV,0.0,1000.0
rxn08968,0.0,1000.0
rxn08968_REV,0.0,1000.0
rxn09040,0.0,-0.0
rxn13108,0.000104,1000.0
rxn13108_REV,0.0,999.999896
rxn09042,0.0,-0.0
rxn10165,0.0,1000.0
rxn10165_REV,0.0,1000.0
rxn00029,0.000415,0.000415
rxn02264,0.000104,1000.0
rxn02264_REV,0.0,999.999896
rxn00060,0.000104,0.000104
rxn00802,0.295181,1000.0
rxn00802_REV,0.0,999.704819
rxn10581,0.0,1000.0
rxn10581_REV,0.0,1000.0
rxn00313,0.110929,0.110929
rxn01974,0.166245,1000.0
rxn01974_REV,0.0,999.833755
rJB00235,0.0,1000.0
rJB00235_REV,0.0,1000.0
rxn09167,0.0,12.734913
rJB00266,0.0,12.734913
rxn09177,0.0,-0.0
rxn02341,0.0,-0.0
rxn01519,0.0,23.510073
rxn00704,0.0,999.999974
rxn00704_REV,2.6e-05,1000.0
rxn01917,0.0,1000.0
rxn01917_REV,0.0,1000.0
rxn01362,0.0,999.638014
rxn01362_REV,0.361986,1000.0
rxn01509,0.0,999.967578
rxn01509_REV,0.032422,1000.0
rxn00239,0.032526,1000.0
rxn00239_REV,0.0,999.967474
rxn00242,0.0,0.0
rxn00966,0.000104,4.572894
rxn03893,0.0,0.0
rxn05034,0.000104,0.000104
rxn05638,0.0,1000.0
rxn13818,0.0,0.0
rxn10053,0.0,1000.0
rxn05115,0.0,0.0
rxn00347,0.0,1000.0
rxn00347_REV,0.0,1000.0
rxn13899,0.0,0.0
rxn13900,0.0,0.0
rxn13901,0.0,0.0
rxn00642,0.0,0.0
rxn05214,0.0,1000.0
rxn05214_REV,0.0,1000.0
rxn05211,0.0,1000.0
rxn05211_REV,0.0,1000.0
rxn10151,0.0,1000.0
rxn05217,0.0,1000.0
rxn05217_REV,0.0,1000.0
rxn05297,0.0,1000.0
rxn05297_REV,0.0,1000.0
rxn13832,0.0,0.0
rxn00124,0.0,1000.0
rxn00124_REV,0.0,1000.0
rxn01807,-0.0,1000.0
rxn01807_REV,0.0,1000.0
rxn01396,0.0,1000.0
rxn01396_REV,0.0,1000.0
rxn05493,0.0,1000.0
rxn05493_REV,0.0,1000.0
rxn00555,0.163543,1000.0
rxn00555_REV,0.0,999.836457
rxn03638,0.163543,0.163543
rxn00293,0.163543,1000.0
rxn00293_REV,0.0,999.836457
rxn05064,0.0,0.0
rxn05467,0.0,999.840748
rxn05467_REV,0.159252,1000.0
rxn05319,0.0,979.623553
rxn05319_REV,20.376447,1000.0
rxn10577,0.0,1000.0
rxn10577_REV,0.0,1000.0
rxn05468,0.090911,1000.0
rxn05468_REV,0.0,999.909089
rPY00182,0.001014,0.001014
rPY00180,0.000556,0.000556
rPY00166,0.00141,0.00141
rPY00171,0.003135,0.003135
rPY00174,0.000821,0.000821
rPY00177,0.001642,0.001642
rxn05488,0.0,1000.0
rxn05488_REV,0.0,1000.0
rxn13789,0.0,1000.0
rxn13789_REV,0.0,1000.0
EX_cpd00797_LPAREN_e_RPAREN_,0.0,2.867755
EX_cpd00797_LPAREN_e_RPAREN__REV,0.0,0.0
EX_cpd17085_LPAREN_e_RPAREN_,0.0,0.0
EX_cpd00176_LPAREN_e_RPAREN_,0.0,0.0
EX_cpd00176_LPAREN_e_RPAREN__REV,0.0,0.0
EX_cpd00024_LPAREN_e_RPAREN_,0.0,3.374635
EX_cpd00024_LPAREN_e_RPAREN__REV,0.0,0.0
EX_cpd00489_LPAREN_e_RPAREN_,0.0,0.0
EX_cpd00489_LPAREN_e_RPAREN__REV,0.0,0.0
EX_cpd00147_LPAREN_c_RPAREN_,0.0,-0.0
EX_cpd00029_LPAREN_e_RPAREN_,0.0,6.74927
EX_cpd00029_LPAREN_e_RPAREN__REV,0.0,0.0
EX_cpd00142_LPAREN_e_RPAREN_,0.0,3.205138
EX_cpd00142_LPAREN_e_RPAREN__REV,0.0,0.0
EX_cpd00182_LPAREN_e_RPAREN_,0.0,-0.0
EX_cpd00182_LPAREN_e_RPAREN__REV,0.0,0.0
EX_cpd11587_LPAREN_e_RPAREN_,0.0,0.0
EX_cpd11587_LPAREN_e_RPAREN__REV,0.0,0.0
EX_cpd11584_LPAREN_e_RPAREN_,0.0,0.0
EX_cpd11584_LPAREN_e_RPAREN__REV,0.0,0.0
EX_cpd11593_LPAREN_e_RPAREN_,0.0,0.0
EX_cpd11593_LPAREN_e_RPAREN__REV,0.0,0.0
EX_cpd11583_LPAREN_e_RPAREN_,0.0,0.0
EX_cpd11583_LPAREN_e_RPAREN__REV,0.0,0.0
EX_cpd11586_LPAREN_e_RPAREN_,0.0,0.0
EX_cpd11586_LPAREN_e_RPAREN__REV,0.0,0.0
EX_cpd11582_LPAREN_e_RPAREN_,0.0,0.0
EX_cpd11582_LPAREN_e_RPAREN__REV,0.0,0.0
EX_cpd01092_LPAREN_e_RPAREN_,0.0,-0.0
EX_cpd01092_LPAREN_e_RPAREN__REV,0.0,0.0
EX_cpd00162_LPAREN_e_RPAREN_,0.0,0.0
EX_cpd00162_LPAREN_e_RPAREN__REV,0.0,0.0
EX_cpd01262_LPAREN_e_RPAREN_,0.0,0.0
EX_cpd01262_LPAREN_e_RPAREN__REV,0.0,0.0
EX_cpd01048_LPAREN_e_RPAREN_,0.0,0.0
EX_cpd01048_LPAREN_e_RPAREN__REV,0.0,0.0
EX_cpd04098_LPAREN_e_RPAREN_,0.0,0.0
EX_cpd04098_LPAREN_e_RPAREN__REV,0.0,0.0
EX_cpd00540_LPAREN_e_RPAREN_,0.0,0.0
EX_cpd00540_LPAREN_e_RPAREN__REV,0.0,0.0
EX_cpd11416_c,0.0,0.0
EX_cpd11416_c_REV,0.0,0.0
EX_cpd11596_LPAREN_e_RPAREN_,0.0,0.0
EX_cpd11596_LPAREN_e_RPAREN__REV,0.0,0.0
EX_cpd00211_LPAREN_e_RPAREN_,0.0,0.0
EX_cpd00211_LPAREN_e_RPAREN__REV,0.0,0.0
EX_cpd00063_LPAREN_e_RPAREN_,0.0,0.0
EX_cpd00063_LPAREN_e_RPAREN__REV,0.0,0.0
EX_cpd00635_LPAREN_e_RPAREN_,0.0,0.0
EX_cpd00635_LPAREN_e_RPAREN__REV,0.0,0.0
EX_cpd01012_LPAREN_e_RPAREN_,0.0,0.0
EX_cpd01012_LPAREN_e_RPAREN__REV,0.0,0.0
EX_cpd00098_LPAREN_e_RPAREN_,0.0,0.0
EX_cpd00098_LPAREN_e_RPAREN__REV,0.0,0.0
EX_cpd11595_LPAREN_e_RPAREN_,0.0,0.0
EX_cpd11595_LPAREN_e_RPAREN__REV,0.0,0.0
EX_cpd00137_LPAREN_e_RPAREN_,0.0,2.999675
EX_cpd00137_LPAREN_e_RPAREN__REV,0.0,0.0
EX_cpd00099_LPAREN_e_RPAREN_,0.0,0.0
EX_cpd00099_LPAREN_e_RPAREN__REV,0.0,0.0
EX_cpd00011_LPAREN_e_RPAREN_,0.159252,25.080632
EX_cpd00011_LPAREN_e_RPAREN__REV,0.0,10.0
EX_cpd00149_LPAREN_e_RPAREN_,0.0,0.0
EX_cpd00149_LPAREN_e_RPAREN__REV,0.0,0.0
EX_cpd00058_LPAREN_e_RPAREN_,0.0,0.0
EX_cpd00058_LPAREN_e_RPAREN__REV,0.0,0.0
EX_cpd01015_LPAREN_e_RPAREN_,0.0,0.0
EX_cpd01015_LPAREN_e_RPAREN__REV,0.0,0.0
EX_cpd01017_LPAREN_e_RPAREN_,0.0,0.0
EX_cpd01017_LPAREN_e_RPAREN__REV,0.0,0.0
EX_cpd00381_LPAREN_e_RPAREN_,0.0,0.0
EX_cpd00381_LPAREN_e_RPAREN__REV,0.0,0.0
EX_cpd00367_LPAREN_e_RPAREN_,0.0,-0.0
EX_cpd00367_LPAREN_e_RPAREN__REV,0.0,0.0
EX_cpd00307_LPAREN_e_RPAREN_,0.0,-0.0
EX_cpd00307_LPAREN_e_RPAREN__REV,0.0,0.0
EX_cpd00117_LPAREN_e_RPAREN_,0.0,0.0
EX_cpd00117_LPAREN_e_RPAREN__REV,0.0,0.0
EX_cpd00438_LPAREN_e_RPAREN_,0.0,-0.0
EX_cpd00438_LPAREN_e_RPAREN__REV,0.0,0.0
EX_cpd00654_LPAREN_e_RPAREN_,0.0,-0.0
EX_cpd00654_LPAREN_e_RPAREN__REV,0.0,0.0
EX_cpd00277_LPAREN_e_RPAREN_,0.0,-0.0
EX_cpd00277_LPAREN_e_RPAREN__REV,0.0,0.0
EX_cpd03279_LPAREN_e_RPAREN_,0.0,0.0
EX_cpd03279_LPAREN_e_RPAREN__REV,0.0,0.0
EX_cpd00412_LPAREN_e_RPAREN_,0.0,0.0
EX_cpd00412_LPAREN_e_RPAREN__REV,0.0,0.0
EX_cpd00082_LPAREN_e_RPAREN_,0.0,2.249757
EX_cpd00082_LPAREN_e_RPAREN__REV,0.0,0.0
EX_cpd00072_LPAREN_e_RPAREN_,0.0,0.0
EX_cpd00072_LPAREN_e_RPAREN__REV,0.0,0.0
EX_cpd00653_LPAREN_e_RPAREN_,0.0,0.0
EX_cpd00653_LPAREN_e_RPAREN__REV,0.0,0.0
EX_cpd00280_LPAREN_e_RPAREN_,0.0,0.0
EX_cpd00280_LPAREN_e_RPAREN__REV,0.0,0.0
EX_cpd00609_LPAREN_e_RPAREN_,0.0,0.0
EX_cpd00609_LPAREN_e_RPAREN__REV,0.0,0.0
EX_cpd00027_LPAREN_e_RPAREN_,0.0,2.249757
EX_cpd00027_LPAREN_e_RPAREN__REV,7.750243,10.0
EX_cpd00079_LPAREN_e_RPAREN_,0.0,0.0
EX_cpd00079_LPAREN_e_RPAREN__REV,0.0,0.0
EX_cpd00221_LPAREN_e_RPAREN_,0.0,4.499513
EX_cpd00221_LPAREN_e_RPAREN__REV,0.0,0.0
EX_cpd01307_LPAREN_e_RPAREN_,0.0,0.0
EX_cpd01307_LPAREN_e_RPAREN__REV,0.0,0.0
EX_cpd00386_LPAREN_e_RPAREN_,0.0,0.0
EX_cpd00386_LPAREN_e_RPAREN__REV,0.0,0.0
EX_cpd00637_LPAREN_e_RPAREN_,0.0,0.0
EX_cpd00637_LPAREN_e_RPAREN__REV,0.0,0.0
EX_cpd00652_LPAREN_e_RPAREN_,0.0,0.0
EX_cpd00652_LPAREN_e_RPAREN__REV,0.0,0.0
EX_cpd00105_LPAREN_e_RPAREN_,0.0,2.699708
EX_cpd00105_LPAREN_e_RPAREN__REV,0.0,0.0
EX_cpd00550_LPAREN_e_RPAREN_,0.0,0.0
EX_cpd00550_LPAREN_e_RPAREN__REV,0.0,0.0
EX_cpd11579_LPAREN_e_RPAREN_,0.0,0.0
EX_cpd11579_LPAREN_e_RPAREN__REV,0.0,0.0
EX_cpd00021_LPAREN_e_RPAREN_,0.0,9.999896
EX_cpd00021_LPAREN_e_RPAREN__REV,0.000104,10.0
EX_cpd10516_LPAREN_e_RPAREN_,0.0,0.0
EX_cpd10516_LPAREN_e_RPAREN__REV,0.0,0.0
EX_cpd03724_LPAREN_e_RPAREN_,0.0,0.0
EX_cpd03724_LPAREN_e_RPAREN__REV,0.0,0.0
EX_cpd00106_LPAREN_e_RPAREN_,0.0,4.499513
EX_cpd00106_LPAREN_e_RPAREN__REV,0.0,0.0
EX_cpd00108_LPAREN_e_RPAREN_,0.0,0.0
EX_cpd00108_LPAREN_e_RPAREN__REV,0.0,0.0
EX_cpd00164_LPAREN_e_RPAREN_,0.0,0.0
EX_cpd00164_LPAREN_e_RPAREN__REV,0.0,0.0
EX_cpd11581_LPAREN_e_RPAREN_,0.0,0.0
EX_cpd11581_LPAREN_e_RPAREN__REV,0.0,0.0
EX_cpd11589_LPAREN_e_RPAREN_,0.0,0.0
EX_cpd11589_LPAREN_e_RPAREN__REV,0.0,0.0
EX_cpd00100_LPAREN_e_RPAREN_,0.0,3.856725
EX_cpd00100_LPAREN_e_RPAREN__REV,0.0,0.0
EX_cpd00080_LPAREN_e_RPAREN_,0.0,3.856725
EX_cpd00080_LPAREN_e_RPAREN__REV,0.0,0.0
EX_cpd00033_LPAREN_e_RPAREN_,0.0,-0.0
EX_cpd00033_LPAREN_e_RPAREN__REV,0.0,0.0
EX_cpd00139_LPAREN_e_RPAREN_,0.000104,0.000104
EX_cpd00139_LPAREN_e_RPAREN__REV,0.0,0.0
EX_cpd15603_LPAREN_e_RPAREN_,0.0,0.0
EX_cpd15603_LPAREN_e_RPAREN__REV,0.0,0.0
EX_cpd11580_LPAREN_e_RPAREN_,0.0,0.0
EX_cpd11580_LPAREN_e_RPAREN__REV,0.0,0.0
EX_cpd11592_LPAREN_e_RPAREN_,0.0,0.0
EX_cpd11592_LPAREN_e_RPAREN__REV,0.0,0.0
EX_cpd15604_LPAREN_e_RPAREN_,0.0,0.0
EX_cpd15604_LPAREN_e_RPAREN__REV,0.0,0.0
EX_cpd11591_LPAREN_e_RPAREN_,0.0,0.0
EX_cpd11591_LPAREN_e_RPAREN__REV,0.0,0.0
EX_cpd15605_LPAREN_e_RPAREN_,0.0,0.0
EX_cpd15605_LPAREN_e_RPAREN__REV,0.0,0.0
EX_cpd11588_LPAREN_e_RPAREN_,0.0,0.0
EX_cpd11588_LPAREN_e_RPAREN__REV,0.0,0.0
EX_cpd15606_LPAREN_e_RPAREN_,0.0,0.0
EX_cpd15606_LPAREN_e_RPAREN__REV,0.0,0.0
EX_cpd00067_LPAREN_e_RPAREN_,0.0,23.510073
EX_cpd00067_LPAREN_e_RPAREN__REV,0.0,10.0
EX_cpd00001_LPAREN_e_RPAREN_,20.376447,48.62695
EX_cpd00001_LPAREN_e_RPAREN__REV,0.0,10.0
EX_cpd00268_LPAREN_e_RPAREN_,0.0,0.0
EX_cpd00268_LPAREN_e_RPAREN__REV,0.0,0.0
EX_cpd11578_LPAREN_e_RPAREN_,0.0,0.0
EX_cpd11578_LPAREN_e_RPAREN__REV,0.0,0.0
EX_cpd00531_LPAREN_e_RPAREN_,0.0,0.0
EX_cpd00531_LPAREN_e_RPAREN__REV,0.0,0.0
EX_cpd00226_LPAREN_e_RPAREN_,0.0,-0.0
EX_cpd00226_LPAREN_e_RPAREN__REV,0.0,0.0
EX_cpd00246_LPAREN_e_RPAREN_,0.0,-0.0
EX_cpd00246_LPAREN_e_RPAREN__REV,0.0,0.0
EX_cpd03048_LPAREN_e_RPAREN_,0.0,0.0
EX_cpd03048_LPAREN_e_RPAREN__REV,0.0,0.0
EX_cpd00205_LPAREN_e_RPAREN_,0.0,10.0
EX_cpd00205_LPAREN_e_RPAREN__REV,0.0,10.0
EX_cpd03091_LPAREN_e_RPAREN_,0.0,0.0
EX_cpd03091_LPAREN_e_RPAREN__REV,0.0,0.0
EX_cpd00035_LPAREN_e_RPAREN_,0.0,-0.0
EX_cpd00035_LPAREN_e_RPAREN__REV,0.0,0.0
EX_cpd11585_LPAREN_e_RPAREN_,0.0,0.0
EX_cpd11585_LPAREN_e_RPAREN__REV,0.0,0.0
EX_cpd00224_LPAREN_e_RPAREN_,0.0,0.0
EX_cpd00224_LPAREN_e_RPAREN__REV,0.0,0.0
EX_cpd00051_LPAREN_e_RPAREN_,0.0,-0.0
EX_cpd00051_LPAREN_e_RPAREN__REV,0.0,0.0
EX_cpd00132_LPAREN_e_RPAREN_,0.0,-0.0
EX_cpd00132_LPAREN_e_RPAREN__REV,0.0,0.0
EX_cpd00041_LPAREN_e_RPAREN_,0.0,-0.0
EX_cpd00041_LPAREN_e_RPAREN__REV,0.0,0.0
EX_cpd00395_LPAREN_e_RPAREN_,0.0,0.0
EX_cpd00395_LPAREN_e_RPAREN__REV,0.0,0.0
EX_cpd00084_LPAREN_e_RPAREN_,0.0,0.0
EX_cpd00084_LPAREN_e_RPAREN__REV,0.0,0.0
EX_cpd00023_LPAREN_e_RPAREN_,0.0,-0.0
EX_cpd00023_LPAREN_e_RPAREN__REV,0.0,0.0
EX_cpd00053_LPAREN_e_RPAREN_,0.0,-0.0
EX_cpd00053_LPAREN_e_RPAREN__REV,0.0,0.0
EX_cpd00119_LPAREN_e_RPAREN_,0.0,-0.0
EX_cpd00119_LPAREN_e_RPAREN__REV,0.0,0.0
EX_cpd00121_LPAREN_e_RPAREN_,0.0,0.0
EX_cpd00121_LPAREN_e_RPAREN__REV,0.0,0.0
EX_cpd00322_LPAREN_e_RPAREN_,0.0,-0.0
EX_cpd00322_LPAREN_e_RPAREN__REV,0.0,0.0
EX_cpd00159_LPAREN_e_RPAREN_,0.0,0.0
EX_cpd00159_LPAREN_e_RPAREN__REV,0.0,0.0
EX_cpd00107_LPAREN_e_RPAREN_,0.0,-0.0
EX_cpd00107_LPAREN_e_RPAREN__REV,0.0,0.0
EX_cpd00039_LPAREN_e_RPAREN_,0.0,-0.0
EX_cpd00039_LPAREN_e_RPAREN__REV,0.0,0.0
EX_cpd00130_LPAREN_e_RPAREN_,0.0,4.499513
EX_cpd00130_LPAREN_e_RPAREN__REV,0.0,0.0
EX_cpd00060_LPAREN_e_RPAREN_,0.0,0.0
EX_cpd00060_LPAREN_e_RPAREN__REV,0.0,0.0
EX_cpd11576_LPAREN_e_RPAREN_,0.0,0.0
EX_cpd11576_LPAREN_e_RPAREN__REV,0.0,0.0
EX_cpd01914_LPAREN_e_RPAREN_,0.0,-0.0
EX_cpd01914_LPAREN_e_RPAREN__REV,0.0,0.0
EX_cpd00066_LPAREN_e_RPAREN_,0.0,-0.0
EX_cpd00066_LPAREN_e_RPAREN__REV,0.0,0.0
EX_cpd00129_LPAREN_e_RPAREN_,0.0,-0.0
EX_cpd00129_LPAREN_e_RPAREN__REV,0.0,0.0
EX_cpd00054_LPAREN_e_RPAREN_,0.0,-0.0
EX_cpd00054_LPAREN_e_RPAREN__REV,0.0,0.0
EX_cJB00034_LPAREN_e_RPAREN_,0.0,0.0
EX_cJB00034_LPAREN_e_RPAREN__REV,0.0,0.0
EX_cpd00161_LPAREN_e_RPAREN_,0.0,-0.0
EX_cpd00161_LPAREN_e_RPAREN__REV,0.0,0.0
EX_cpd00065_LPAREN_e_RPAREN_,0.0,-0.0
EX_cpd00065_LPAREN_e_RPAREN__REV,0.0,0.0
EX_cpd00069_LPAREN_e_RPAREN_,0.0,-0.0
EX_cpd00069_LPAREN_e_RPAREN__REV,0.0,0.0
EX_cpd00156_LPAREN_e_RPAREN_,0.0,-0.0
EX_cpd00156_LPAREN_e_RPAREN__REV,0.0,0.0
EX_cpd00308_LPAREN_e_RPAREN_,0.0,0.0
EX_cpd00308_LPAREN_e_RPAREN__REV,0.0,0.0
EX_cpd01329_LPAREN_e_RPAREN_,0.0,0.0
EX_cpd01329_LPAREN_e_RPAREN__REV,0.0,0.0
EX_cpd00179_LPAREN_e_RPAREN_,0.0,0.0
EX_cpd00179_LPAREN_e_RPAREN__REV,0.0,0.0
EX_cPY00016_LPAREN_e_RPAREN_,0.0,0.0
EX_cPY00016_LPAREN_e_RPAREN__REV,0.0,0.0
EX_cpd08023_LPAREN_e_RPAREN_,0.0,0.0
EX_cpd08023_LPAREN_e_RPAREN__REV,0.0,0.0
EX_cpd11590_LPAREN_e_RPAREN_,0.0,0.0
EX_cpd11590_LPAREN_e_RPAREN__REV,0.0,0.0
EX_cpd00254_LPAREN_e_RPAREN_,0.0,10.0
EX_cpd00254_LPAREN_e_RPAREN__REV,0.0,10.0
EX_cpd00030_LPAREN_e_RPAREN_,0.0,0.0
EX_cpd00030_LPAREN_e_RPAREN__REV,0.0,0.0
EX_cpd11574_LPAREN_e_RPAREN_,0.0,0.0
EX_cpd11574_LPAREN_e_RPAREN__REV,0.0,0.0
EX_cpd11575_LPAREN_e_RPAREN_,0.0,0.0
EX_cpd11575_LPAREN_e_RPAREN__REV,0.0,0.0
EX_cpd00971_LPAREN_e_RPAREN_,0.0,10.0
EX_cpd00971_LPAREN_e_RPAREN__REV,0.0,10.0
EX_cpd00122_LPAREN_e_RPAREN_,0.0,-0.0
EX_cpd00122_LPAREN_e_RPAREN__REV,0.0,0.0
EX_cpd00013_LPAREN_e_RPAREN_,0.0,-0.0
EX_cpd00013_LPAREN_e_RPAREN__REV,10.0,10.0
EX_cpd00244_LPAREN_e_RPAREN_,0.0,0.0
EX_cpd00244_LPAREN_e_RPAREN__REV,0.0,0.0
EX_cpd00209_LPAREN_e_RPAREN_,0.0,0.0
EX_cpd00209_LPAREN_e_RPAREN__REV,0.0,0.0
EX_cpd00075_LPAREN_e_RPAREN_,0.0,0.0
EX_cpd00075_LPAREN_e_RPAREN__REV,0.0,0.0
EX_cpd00528_LPAREN_e_RPAREN_,0.0,0.0
EX_cpd00528_LPAREN_e_RPAREN__REV,0.0,0.0
EX_cpd00007_LPAREN_e_RPAREN_,0.0,9.909089
EX_cpd00007_LPAREN_e_RPAREN__REV,0.090911,10.0
EX_cpd00064_LPAREN_e_RPAREN_,0.0,-0.0
EX_cpd00064_LPAREN_e_RPAREN__REV,0.0,0.0
EX_cpd04097_LPAREN_e_RPAREN_,0.0,0.0
EX_cpd04097_LPAREN_e_RPAREN__REV,0.0,0.0
EX_cpd00009_LPAREN_e_RPAREN_,0.0,10.43272
EX_cpd00009_LPAREN_e_RPAREN__REV,0.0,10.0
EX_cPY00116_LPAREN_e_RPAREN_,0.0,0.0
EX_cPY00116_LPAREN_e_RPAREN__REV,0.0,0.0
EX_cpd00012_LPAREN_e_RPAREN_,0.0,5.21636
EX_cpd00012_LPAREN_e_RPAREN__REV,0.0,0.0
EX_cpd00141_LPAREN_e_RPAREN_,0.0,0.0
EX_cpd00141_LPAREN_e_RPAREN__REV,0.0,0.0
EX_cpd00118_LPAREN_e_RPAREN_,0.0,0.0
EX_cpd00118_LPAREN_e_RPAREN__REV,0.0,0.0
EX_cpd00020_LPAREN_e_RPAREN_,0.0,0.0
EX_cpd00020_LPAREN_e_RPAREN__REV,0.0,0.0
EX_cpd00588_LPAREN_e_RPAREN_,0.0,0.0
EX_cpd00588_LPAREN_e_RPAREN__REV,0.0,0.0
EX_cpd00264_LPAREN_e_RPAREN_,0.0,0.0
EX_cpd00264_LPAREN_e_RPAREN__REV,0.0,0.0
EX_cpd00036_LPAREN_e_RPAREN_,0.0,3.856725
EX_cpd00036_LPAREN_e_RPAREN__REV,0.0,0.0
EX_cpd00048_LPAREN_e_RPAREN_,0.0,9.874171
EX_cpd00048_LPAREN_e_RPAREN__REV,0.125829,10.0
EX_cpd09878_LPAREN_e_RPAREN_,0.0,0.0
EX_cpd09878_LPAREN_e_RPAREN__REV,0.0,0.0
EX_cpd00210_LPAREN_e_RPAREN_,0.0,0.0
EX_cpd00210_LPAREN_e_RPAREN__REV,0.0,0.0
EX_cpd00305_LPAREN_e_RPAREN_,0.0,0.0
EX_cpd00305_LPAREN_e_RPAREN__REV,0.0,0.0
EX_cpd00184_LPAREN_e_RPAREN_,0.0,0.0
EX_cpd00184_LPAREN_e_RPAREN__REV,0.0,0.0
EX_cpd01242_LPAREN_e_RPAREN_,0.0,0.0
EX_cpd01242_LPAREN_e_RPAREN__REV,0.0,0.0
EX_cpd00851_LPAREN_e_RPAREN_,0.0,0.0
EX_cpd00851_LPAREN_e_RPAREN__REV,0.0,0.0
EX_cpd00092_LPAREN_e_RPAREN_,0.0,0.0
EX_cpd00092_LPAREN_e_RPAREN__REV,0.0,0.0
EX_cpd00073_LPAREN_e_RPAREN_,0.0,0.0
EX_cpd00073_LPAREN_e_RPAREN__REV,0.0,0.0
EX_cpd00249_LPAREN_e_RPAREN_,0.0,0.0
EX_cpd00249_LPAREN_e_RPAREN__REV,0.0,0.0
EX_cpd03424_LPAREN_e_RPAREN_,0.0,0.0
EX_cpd03424_LPAREN_e_RPAREN__REV,0.0,0.0
EX_cpd00423_LPAREN_e_RPAREN_,0.0,0.0
EX_cpd00423_LPAREN_e_RPAREN__REV,0.0,0.0
EX_cpd00309_LPAREN_e_RPAREN_,0.0,0.0
EX_cpd00309_LPAREN_e_RPAREN__REV,0.0,0.0
EX_cpd00306_LPAREN_e_RPAREN_,0.0,0.0
EX_cpd00306_LPAREN_e_RPAREN__REV,0.0,0.0
EX_cpd00154_LPAREN_e_RPAREN_,0.0,0.0
EX_cpd00154_LPAREN_e_RPAREN__REV,0.0,0.0
EX_cpd00034_LPAREN_e_RPAREN_,0.0,0.0
EX_cpd00034_LPAREN_e_RPAREN__REV,0.0,0.0
rxn00695,2.6e-05,1000.0
rxn00420,0.0,1000.0
rxn13893,0.0,0.000104
PAO1_Biomass,1.036524,1.036524
rJB00280,0.0,0.0
rJB00281,0.0,0.0
EX_cpd00331_LPAREN_e_RPAREN_,0.0,2.999675
EX_cpd00331_LPAREN_e_RPAREN__REV,0.0,0.0
EX_cpd00089_LPAREN_e_RPAREN_,0.0,0.0
EX_cpd00089_LPAREN_e_RPAREN__REV,0.0,0.0
EX_cpd00314_LPAREN_e_RPAREN_,0.0,0.0
EX_cpd00314_LPAREN_e_RPAREN__REV,0.0,0.0
EX_cpd00380_LPAREN_e_RPAREN_,0.0,2.999675
EX_cpd00380_LPAREN_e_RPAREN__REV,0.0,0.0
EX_cpd00581_LPAREN_e_RPAREN_,0.0,-0.0
EX_cpd00581_LPAREN_e_RPAREN__REV,0.0,0.0
EX_cpd00281_LPAREN_e_RPAREN_,0.0,-0.0
EX_cpd00281_LPAREN_e_RPAREN__REV,0.0,0.0
ATPM,8.39,8.39
rxn11546,0.0,1000.0
rxn11546_REV,0.0,1000.0
rxn00601,0.0,23.510073
rxn02927,0.0,23.510073
rxn02944,0.0,1000.0
rxn02944_REV,0.0,1000.0
rxn03422,0.0,23.510073
rJB00283,0.0,1000.0
rJB00283_REV,0.0,1000.0
rJB00284,0.0,1000.0
rJB00284_REV,0.0,1000.0
